crash_date,traffic_control_device,weather_condition,lighting_condition,first_crash_type,trafficway_type,alignment,roadway_surface_cond,road_defect,crash_type,intersection_related_i,damage,prim_contributory_cause,num_units,most_severe_injury,injuries_total,injuries_fatal,injuries_incapacitating,injuries_non_incapacitating,injuries_reported_not_evident,injuries_no_indication,crash_hour,crash_day_of_week,crash_month
07/08/2020 12:03:00 AM,TRAFFIC SIGNAL,CLEAR,"DARKNESS, LIGHTED ROAD",TURNING,DIVIDED - W/MEDIAN (NOT RAISED),STRAIGHT AND LEVEL,WET,NO DEFECTS,NO INJURY / DRIVE AWAY,Y,"OVER $1,500",DISREGARDING TRAFFIC SIGNALS,2,NO INDICATION OF INJURY,0.0,0.0,0.0,0.0,0.0,2.0,0,4,7
09/24/2017 05:45:00 PM,TRAFFIC SIGNAL,CLEAR,DAYLIGHT,ANGLE,DIVIDED - W/MEDIAN (NOT RAISED),STRAIGHT AND LEVEL,DRY,NO DEFECTS,NO INJURY / DRIVE AWAY,Y,"OVER $1,500",DISREGARDING TRAFFIC SIGNALS,2,NO INDICATION OF INJURY,0.0,0.0,0.0,0.0,0.0,5.0,17,1,9
05/12/2020 06:10:00 PM,STOP SIGN/FLASHER,CLEAR,DAYLIGHT,REAR TO SIDE,UNKNOWN INTERSECTION TYPE,CURVE ON GRADE,DRY,NO DEFECTS,NO INJURY / DRIVE AWAY,Y,"$501 - $1,500",FAILING TO YIELD RIGHT-OF-WAY,2,NO INDICATION OF INJURY,0.0,0.0,0.0,0.0,0.0,3.0,18,3,5
08/26/2020 03:45:00 PM,TRAFFIC SIGNAL,CLEAR,DAYLIGHT,ANGLE,NOT DIVIDED,STRAIGHT AND LEVEL,DRY,NO DEFECTS,INJURY AND / OR TOW DUE TO CRASH,Y,"OVER $1,500",DISREGARDING TRAFFIC SIGNALS,2,NONINCAPACITATING INJURY,1.0,0.0,0.0,1.0,0.0,2.0,15,4,8
03/07/2019 04:25:00 PM,TRAFFIC SIGNAL,CLEAR,DAYLIGHT,SIDESWIPE SAME DIRECTION,NOT DIVIDED,STRAIGHT AND LEVEL,DRY,NO DEFECTS,NO INJURY / DRIVE AWAY,N,"$501 - $1,500",FAILING TO YIELD RIGHT-OF-WAY,2,NO INDICATION OF INJURY,0.0,0.0,0.0,0.0,0.0,3.0,16,5,3
05/30/2020 06:14:00 PM,TRAFFIC SIGNAL,CLEAR,DAYLIGHT,ANGLE,NOT DIVIDED,STRAIGHT AND LEVEL,DRY,NO DEFECTS,INJURY AND / OR TOW DUE TO CRASH,Y,"$501 - $1,500",NOT APPLICABLE,2,NONINCAPACITATING INJURY,1.0,0.0,0.0,1.0,0.0,1.0,18,7,5
08/29/2019 03:40:00 PM,TRAFFIC SIGNAL,CLEAR,DAYLIGHT,TURNING,FOUR WAY,STRAIGHT AND LEVEL,DRY,NO DEFECTS,NO INJURY / DRIVE AWAY,Y,"OVER $1,500",UNABLE TO DETERMINE,2,NO INDICATION OF INJURY,0.0,0.0,0.0,0.0,0.0,3.0,15,5,8
10/10/2017 09:08:00 PM,TRAFFIC SIGNAL,RAIN,"DARKNESS, LIGHTED ROAD",TURNING,ONE-WAY,STRAIGHT AND LEVEL,WET,NO DEFECTS,INJURY AND / OR TOW DUE TO CRASH,Y,"$501 - $1,500",WEATHER,2,NO INDICATION OF INJURY,0.0,0.0,0.0,0.0,0.0,2.0,21,3,10
05/11/2019 02:35:00 AM,STOP SIGN/FLASHER,CLEAR,"DARKNESS, LIGHTED ROAD",HEAD ON,NOT DIVIDED,STRAIGHT AND LEVEL,DRY,NO DEFECTS,INJURY AND / OR TOW DUE TO CRASH,Y,"OVER $1,500","OPERATING VEHICLE IN ERRATIC, RECKLESS, CARELESS, NEGLIGENT OR AGGRESSIVE MANNER",6,NONINCAPACITATING INJURY,4.0,0.0,0.0,1.0,3.0,0.0,2,7,5
02/27/2018 04:00:00 PM,TRAFFIC SIGNAL,CLEAR,DAYLIGHT,FIXED OBJECT,DIVIDED - W/MEDIAN BARRIER,STRAIGHT AND LEVEL,DRY,"RUT, HOLES",NO INJURY / DRIVE AWAY,Y,"$501 - $1,500",ROAD ENGINEERING/SURFACE/MARKING DEFECTS,1,NO INDICATION OF INJURY,0.0,0.0,0.0,0.0,0.0,1.0,16,3,2
05/18/2018 01:20:00 PM,TRAFFIC SIGNAL,CLEAR,DAYLIGHT,TURNING,DIVIDED - W/MEDIAN BARRIER,STRAIGHT AND LEVEL,DRY,NO DEFECTS,NO INJURY / DRIVE AWAY,Y,"OVER $1,500",UNABLE TO DETERMINE,2,NO INDICATION OF INJURY,0.0,0.0,0.0,0.0,0.0,2.0,13,6,5
11/09/2020 01:50:00 PM,NO CONTROLS,CLEAR,DAYLIGHT,ANGLE,PARKING LOT,STRAIGHT AND LEVEL,DRY,NO DEFECTS,INJURY AND / OR TOW DUE TO CRASH,Y,"OVER $1,500",DISTRACTION - FROM INSIDE VEHICLE,4,NO INDICATION OF INJURY,0.0,0.0,0.0,0.0,0.0,2.0,13,2,11
01/30/2021 12:45:00 PM,STOP SIGN/FLASHER,CLEAR,DAYLIGHT,REAR END,NOT DIVIDED,STRAIGHT AND LEVEL,DRY,NO DEFECTS,NO INJURY / DRIVE AWAY,Y,"$501 - $1,500",FOLLOWING TOO CLOSELY,2,NO INDICATION OF INJURY,0.0,0.0,0.0,0.0,0.0,3.0,12,7,1
10/10/2018 09:41:00 AM,YIELD,CLEAR,DARKNESS,PEDALCYCLIST,DIVIDED - W/MEDIAN (NOT RAISED),STRAIGHT AND LEVEL,DRY,NO DEFECTS,INJURY AND / OR TOW DUE TO CRASH,Y,$500 OR LESS,FAILING TO YIELD RIGHT-OF-WAY,2,NONINCAPACITATING INJURY,1.0,0.0,0.0,1.0,0.0,1.0,9,4,10
10/11/2021 02:30:00 PM,NO CONTROLS,RAIN,DAYLIGHT,TURNING,NOT DIVIDED,STRAIGHT AND LEVEL,WET,NO DEFECTS,NO INJURY / DRIVE AWAY,Y,"$501 - $1,500",IMPROPER TURNING/NO SIGNAL,2,NO INDICATION OF INJURY,0.0,0.0,0.0,0.0,0.0,4.0,14,2,10
01/22/2016 04:20:00 AM,TRAFFIC SIGNAL,CLEAR,"DARKNESS, LIGHTED ROAD",SIDESWIPE SAME DIRECTION,ONE-WAY,STRAIGHT AND LEVEL,DRY,NO DEFECTS,NO INJURY / DRIVE AWAY,Y,"OVER $1,500",IMPROPER LANE USAGE,2,NO INDICATION OF INJURY,0.0,0.0,0.0,0.0,0.0,4.0,4,6,1
09/16/2021 03:30:00 PM,STOP SIGN/FLASHER,CLEAR,DAYLIGHT,REAR END,OTHER,STRAIGHT AND LEVEL,DRY,NO DEFECTS,NO INJURY / DRIVE AWAY,N,"OVER $1,500",UNABLE TO DETERMINE,2,NO INDICATION OF INJURY,0.0,0.0,0.0,0.0,0.0,4.0,15,5,9
05/23/2023 01:01:00 PM,TRAFFIC SIGNAL,CLEAR,DAYLIGHT,TURNING,FOUR WAY,STRAIGHT AND LEVEL,DRY,NO DEFECTS,INJURY AND / OR TOW DUE TO CRASH,Y,"OVER $1,500",UNABLE TO DETERMINE,2,NONINCAPACITATING INJURY,1.0,0.0,0.0,1.0,0.0,2.0,13,3,5
06/15/2023 02:00:00 PM,STOP SIGN/FLASHER,CLEAR,DAYLIGHT,ANGLE,FOUR WAY,STRAIGHT AND LEVEL,DRY,NO DEFECTS,INJURY AND / OR TOW DUE TO CRASH,Y,"OVER $1,500",FAILING TO YIELD RIGHT-OF-WAY,2,NO INDICATION OF INJURY,0.0,0.0,0.0,0.0,0.0,3.0,14,5,6
06/02/2019 06:36:00 AM,TRAFFIC SIGNAL,CLEAR,DAYLIGHT,ANGLE,NOT DIVIDED,STRAIGHT AND LEVEL,DRY,NO DEFECTS,INJURY AND / OR TOW DUE TO CRASH,Y,"$501 - $1,500",DISREGARDING TRAFFIC SIGNALS,2,NO INDICATION OF INJURY,0.0,0.0,0.0,0.0,0.0,2.0,6,1,6
04/04/2021 09:00:00 PM,STOP SIGN/FLASHER,CLEAR,DARKNESS,TURNING,NOT DIVIDED,STRAIGHT AND LEVEL,DRY,NO DEFECTS,NO INJURY / DRIVE AWAY,Y,"OVER $1,500",FAILING TO YIELD RIGHT-OF-WAY,2,NO INDICATION OF INJURY,0.0,0.0,0.0,0.0,0.0,2.0,21,1,4
10/15/2019 06:10:00 PM,TRAFFIC SIGNAL,RAIN,"DARKNESS, LIGHTED ROAD",REAR END,OTHER,STRAIGHT ON GRADE,WET,NO DEFECTS,NO INJURY / DRIVE AWAY,Y,"$501 - $1,500",FAILING TO REDUCE SPEED TO AVOID CRASH,2,NO INDICATION OF INJURY,0.0,0.0,0.0,0.0,0.0,2.0,18,3,10
03/05/2022 12:14:00 PM,STOP SIGN/FLASHER,CLEAR,DAYLIGHT,ANGLE,FOUR WAY,STRAIGHT AND LEVEL,DRY,NO DEFECTS,INJURY AND / OR TOW DUE TO CRASH,Y,"OVER $1,500",UNABLE TO DETERMINE,2,NO INDICATION OF INJURY,0.0,0.0,0.0,0.0,0.0,2.0,12,7,3
12/24/2018 10:22:00 AM,TRAFFIC SIGNAL,CLEAR,DAYLIGHT,TURNING,DIVIDED - W/MEDIAN (NOT RAISED),STRAIGHT AND LEVEL,DRY,NO DEFECTS,INJURY AND / OR TOW DUE TO CRASH,Y,"OVER $1,500",FAILING TO YIELD RIGHT-OF-WAY,2,NONINCAPACITATING INJURY,2.0,0.0,0.0,1.0,1.0,2.0,10,2,12
08/14/2018 11:42:00 PM,TRAFFIC SIGNAL,CLEAR,"DARKNESS, LIGHTED ROAD",TURNING,DIVIDED - W/MEDIAN BARRIER,STRAIGHT AND LEVEL,DRY,NO DEFECTS,INJURY AND / OR TOW DUE TO CRASH,Y,"OVER $1,500",UNABLE TO DETERMINE,3,"REPORTED, NOT EVIDENT",1.0,0.0,0.0,0.0,1.0,4.0,23,3,8
05/29/2023 08:45:00 AM,TRAFFIC SIGNAL,CLEAR,DAYLIGHT,REAR END,FOUR WAY,STRAIGHT AND LEVEL,DRY,NO DEFECTS,NO INJURY / DRIVE AWAY,Y,"$501 - $1,500",FOLLOWING TOO CLOSELY,2,NO INDICATION OF INJURY,0.0,0.0,0.0,0.0,0.0,2.0,8,2,5
12/18/2018 10:00:00 AM,TRAFFIC SIGNAL,CLEAR,DAYLIGHT,TURNING,UNKNOWN,STRAIGHT AND LEVEL,DRY,NO DEFECTS,INJURY AND / OR TOW DUE TO CRASH,Y,"OVER $1,500",FAILING TO REDUCE SPEED TO AVOID CRASH,4,NONINCAPACITATING INJURY,1.0,0.0,0.0,1.0,0.0,5.0,10,3,12
01/31/2019 08:40:00 PM,TRAFFIC SIGNAL,SNOW,"DARKNESS, LIGHTED ROAD",TURNING,CENTER TURN LANE,STRAIGHT AND LEVEL,SNOW OR SLUSH,NO DEFECTS,NO INJURY / DRIVE AWAY,Y,"$501 - $1,500",WEATHER,2,NO INDICATION OF INJURY,0.0,0.0,0.0,0.0,0.0,2.0,20,5,1
07/27/2019 12:30:00 PM,TRAFFIC SIGNAL,CLEAR,DAYLIGHT,SIDESWIPE SAME DIRECTION,NOT REPORTED,STRAIGHT AND LEVEL,DRY,NO DEFECTS,NO INJURY / DRIVE AWAY,Y,"$501 - $1,500",IMPROPER LANE USAGE,2,NO INDICATION OF INJURY,0.0,0.0,0.0,0.0,0.0,2.0,12,7,7
06/17/2019 10:58:00 AM,TRAFFIC SIGNAL,CLEAR,DAYLIGHT,TURNING,ONE-WAY,STRAIGHT AND LEVEL,DRY,NO DEFECTS,INJURY AND / OR TOW DUE TO CRASH,Y,"OVER $1,500",IMPROPER TURNING/NO SIGNAL,2,NO INDICATION OF INJURY,0.0,0.0,0.0,0.0,0.0,3.0,10,2,6
11/11/2019 07:45:00 AM,TRAFFIC SIGNAL,SNOW,DAYLIGHT,ANGLE,NOT DIVIDED,STRAIGHT AND LEVEL,WET,NO DEFECTS,INJURY AND / OR TOW DUE TO CRASH,Y,"OVER $1,500",UNABLE TO DETERMINE,2,NO INDICATION OF INJURY,0.0,0.0,0.0,0.0,0.0,2.0,7,2,11
03/27/2017 06:00:00 PM,NO CONTROLS,CLEAR,DAYLIGHT,PEDESTRIAN,DIVIDED - W/MEDIAN (NOT RAISED),STRAIGHT AND LEVEL,WET,NO DEFECTS,NO INJURY / DRIVE AWAY,Y,$500 OR LESS,EXCEEDING SAFE SPEED FOR CONDITIONS,2,NO INDICATION OF INJURY,0.0,0.0,0.0,0.0,0.0,2.0,18,2,3
11/19/2020 04:30:00 PM,TRAFFIC SIGNAL,CLEAR,DAYLIGHT,REAR END,NOT DIVIDED,STRAIGHT AND LEVEL,DRY,NO DEFECTS,NO INJURY / DRIVE AWAY,Y,$500 OR LESS,FOLLOWING TOO CLOSELY,2,NO INDICATION OF INJURY,0.0,0.0,0.0,0.0,0.0,2.0,16,5,11
05/05/2016 05:30:00 PM,NO CONTROLS,CLEAR,DAYLIGHT,REAR END,NOT DIVIDED,STRAIGHT AND LEVEL,DRY,"RUT, HOLES",INJURY AND / OR TOW DUE TO CRASH,Y,"$501 - $1,500",FAILING TO REDUCE SPEED TO AVOID CRASH,2,NONINCAPACITATING INJURY,1.0,0.0,0.0,1.0,0.0,1.0,17,5,5
09/07/2019 01:59:00 AM,TRAFFIC SIGNAL,CLEAR,"DARKNESS, LIGHTED ROAD",TURNING,DIVIDED - W/MEDIAN BARRIER,STRAIGHT AND LEVEL,DRY,NO DEFECTS,INJURY AND / OR TOW DUE TO CRASH,Y,"OVER $1,500",FAILING TO REDUCE SPEED TO AVOID CRASH,2,INCAPACITATING INJURY,1.0,0.0,1.0,0.0,0.0,1.0,1,7,9
07/22/2019 01:53:00 PM,TRAFFIC SIGNAL,CLEAR,DAYLIGHT,PEDESTRIAN,FOUR WAY,STRAIGHT AND LEVEL,DRY,NO DEFECTS,INJURY AND / OR TOW DUE TO CRASH,Y,$500 OR LESS,FAILING TO YIELD RIGHT-OF-WAY,2,"REPORTED, NOT EVIDENT",1.0,0.0,0.0,0.0,1.0,1.0,13,2,7
10/01/2022 04:20:00 PM,TRAFFIC SIGNAL,UNKNOWN,DAYLIGHT,REAR END,NOT DIVIDED,STRAIGHT AND LEVEL,UNKNOWN,UNKNOWN,NO INJURY / DRIVE AWAY,Y,"OVER $1,500",FOLLOWING TOO CLOSELY,2,NO INDICATION OF INJURY,0.0,0.0,0.0,0.0,0.0,2.0,16,7,10
10/13/2018 11:36:00 AM,NO CONTROLS,CLEAR,DAYLIGHT,SIDESWIPE SAME DIRECTION,NOT DIVIDED,STRAIGHT AND LEVEL,DRY,NO DEFECTS,INJURY AND / OR TOW DUE TO CRASH,Y,"OVER $1,500",FAILING TO YIELD RIGHT-OF-WAY,2,NO INDICATION OF INJURY,0.0,0.0,0.0,0.0,0.0,4.0,11,7,10
02/26/2020 04:00:00 PM,STOP SIGN/FLASHER,CLOUDY/OVERCAST,DAYLIGHT,TURNING,T-INTERSECTION,STRAIGHT AND LEVEL,DRY,NO DEFECTS,INJURY AND / OR TOW DUE TO CRASH,Y,"$501 - $1,500",FAILING TO YIELD RIGHT-OF-WAY,2,NO INDICATION OF INJURY,0.0,0.0,0.0,0.0,0.0,3.0,16,4,2
08/18/2016 08:00:00 PM,TRAFFIC SIGNAL,UNKNOWN,UNKNOWN,ANGLE,OTHER,STRAIGHT AND LEVEL,UNKNOWN,UNKNOWN,NO INJURY / DRIVE AWAY,Y,"OVER $1,500",DISREGARDING TRAFFIC SIGNALS,2,NO INDICATION OF INJURY,0.0,0.0,0.0,0.0,0.0,2.0,20,5,8
06/28/2019 06:00:00 PM,STOP SIGN/FLASHER,CLEAR,DAYLIGHT,ANGLE,NOT DIVIDED,STRAIGHT AND LEVEL,DRY,NO DEFECTS,INJURY AND / OR TOW DUE TO CRASH,Y,"$501 - $1,500",UNABLE TO DETERMINE,4,NO INDICATION OF INJURY,0.0,0.0,0.0,0.0,0.0,3.0,18,6,6
01/18/2018 09:50:00 PM,TRAFFIC SIGNAL,CLEAR,"DARKNESS, LIGHTED ROAD",PEDESTRIAN,NOT DIVIDED,STRAIGHT AND LEVEL,DRY,NO DEFECTS,INJURY AND / OR TOW DUE TO CRASH,Y,$500 OR LESS,UNABLE TO DETERMINE,2,NONINCAPACITATING INJURY,1.0,0.0,0.0,1.0,0.0,1.0,21,5,1
07/06/2017 12:21:00 PM,TRAFFIC SIGNAL,CLEAR,DAYLIGHT,FIXED OBJECT,NOT DIVIDED,STRAIGHT AND LEVEL,DRY,NO DEFECTS,NO INJURY / DRIVE AWAY,Y,$500 OR LESS,UNABLE TO DETERMINE,1,NO INDICATION OF INJURY,0.0,0.0,0.0,0.0,0.0,1.0,12,5,7
10/03/2022 05:30:00 PM,TRAFFIC SIGNAL,CLEAR,DAYLIGHT,OTHER OBJECT,NOT DIVIDED,STRAIGHT AND LEVEL,DRY,NO DEFECTS,NO INJURY / DRIVE AWAY,Y,"OVER $1,500",UNABLE TO DETERMINE,2,NO INDICATION OF INJURY,0.0,0.0,0.0,0.0,0.0,2.0,17,2,10
10/29/2021 06:28:00 PM,TRAFFIC SIGNAL,RAIN,"DARKNESS, LIGHTED ROAD",TURNING,DIVIDED - W/MEDIAN (NOT RAISED),STRAIGHT AND LEVEL,WET,UNKNOWN,INJURY AND / OR TOW DUE TO CRASH,Y,"OVER $1,500",UNABLE TO DETERMINE,2,NONINCAPACITATING INJURY,4.0,0.0,0.0,4.0,0.0,1.0,18,6,10
11/21/2020 04:35:00 AM,TRAFFIC SIGNAL,CLEAR,"DARKNESS, LIGHTED ROAD",ANGLE,FOUR WAY,STRAIGHT AND LEVEL,DRY,UNKNOWN,INJURY AND / OR TOW DUE TO CRASH,Y,"OVER $1,500",FAILING TO YIELD RIGHT-OF-WAY,2,NO INDICATION OF INJURY,0.0,0.0,0.0,0.0,0.0,2.0,4,7,11
02/14/2023 06:09:00 PM,NO CONTROLS,RAIN,"DARKNESS, LIGHTED ROAD",TURNING,ONE-WAY,STRAIGHT AND LEVEL,WET,UNKNOWN,NO INJURY / DRIVE AWAY,N,"OVER $1,500","VISION OBSCURED (SIGNS, TREE LIMBS, BUILDINGS, ETC.)",3,NO INDICATION OF INJURY,0.0,0.0,0.0,0.0,0.0,2.0,18,3,2
12/25/2022 08:30:00 PM,TRAFFIC SIGNAL,CLEAR,"DARKNESS, LIGHTED ROAD",TURNING,NOT DIVIDED,STRAIGHT AND LEVEL,DRY,NO DEFECTS,INJURY AND / OR TOW DUE TO CRASH,Y,"OVER $1,500",FAILING TO YIELD RIGHT-OF-WAY,2,NO INDICATION OF INJURY,0.0,0.0,0.0,0.0,0.0,2.0,20,1,12
10/14/2018 03:00:00 PM,TRAFFIC SIGNAL,CLEAR,DAYLIGHT,REAR END,DIVIDED - W/MEDIAN (NOT RAISED),STRAIGHT AND LEVEL,DRY,NO DEFECTS,NO INJURY / DRIVE AWAY,Y,$500 OR LESS,FOLLOWING TOO CLOSELY,2,NO INDICATION OF INJURY,0.0,0.0,0.0,0.0,0.0,2.0,15,1,10
07/24/2021 08:55:00 PM,NO CONTROLS,UNKNOWN,"DARKNESS, LIGHTED ROAD",ANGLE,DIVIDED - W/MEDIAN BARRIER,STRAIGHT ON GRADE,WET,NO DEFECTS,INJURY AND / OR TOW DUE TO CRASH,Y,"OVER $1,500",UNABLE TO DETERMINE,2,"REPORTED, NOT EVIDENT",2.0,0.0,0.0,0.0,2.0,0.0,20,7,7
01/16/2021 05:15:00 PM,TRAFFIC SIGNAL,CLEAR,"DARKNESS, LIGHTED ROAD",TURNING,NOT DIVIDED,STRAIGHT AND LEVEL,DRY,NO DEFECTS,NO INJURY / DRIVE AWAY,Y,"OVER $1,500","VISION OBSCURED (SIGNS, TREE LIMBS, BUILDINGS, ETC.)",2,NO INDICATION OF INJURY,0.0,0.0,0.0,0.0,0.0,3.0,17,7,1
11/29/2017 11:13:00 AM,NO CONTROLS,CLEAR,DAYLIGHT,REAR END,DIVIDED - W/MEDIAN (NOT RAISED),STRAIGHT AND LEVEL,DRY,NO DEFECTS,NO INJURY / DRIVE AWAY,Y,"OVER $1,500",UNABLE TO DETERMINE,2,NO INDICATION OF INJURY,0.0,0.0,0.0,0.0,0.0,2.0,11,4,11
09/03/2019 07:40:00 AM,TRAFFIC SIGNAL,RAIN,DAWN,TURNING,DIVIDED - W/MEDIAN BARRIER,STRAIGHT AND LEVEL,WET,NO DEFECTS,INJURY AND / OR TOW DUE TO CRASH,Y,"OVER $1,500",UNABLE TO DETERMINE,2,NONINCAPACITATING INJURY,2.0,0.0,0.0,2.0,0.0,0.0,7,3,9
07/14/2020 03:30:00 PM,STOP SIGN/FLASHER,CLEAR,DAYLIGHT,PEDALCYCLIST,FOUR WAY,STRAIGHT AND LEVEL,DRY,NO DEFECTS,NO INJURY / DRIVE AWAY,Y,$500 OR LESS,UNABLE TO DETERMINE,2,NO INDICATION OF INJURY,0.0,0.0,0.0,0.0,0.0,2.0,15,3,7
02/11/2022 03:53:00 PM,TRAFFIC SIGNAL,CLEAR,DAYLIGHT,ANGLE,NOT DIVIDED,STRAIGHT AND LEVEL,DRY,UNKNOWN,NO INJURY / DRIVE AWAY,Y,"$501 - $1,500",DISREGARDING TRAFFIC SIGNALS,2,NO INDICATION OF INJURY,0.0,0.0,0.0,0.0,0.0,2.0,15,6,2
01/15/2019 12:45:00 PM,TRAFFIC SIGNAL,CLEAR,DAYLIGHT,REAR END,DIVIDED - W/MEDIAN BARRIER,STRAIGHT AND LEVEL,DRY,NO DEFECTS,NO INJURY / DRIVE AWAY,Y,"OVER $1,500",UNABLE TO DETERMINE,2,NO INDICATION OF INJURY,0.0,0.0,0.0,0.0,0.0,2.0,12,3,1
09/14/2021 05:00:00 PM,TRAFFIC SIGNAL,CLEAR,DAYLIGHT,REAR END,T-INTERSECTION,STRAIGHT AND LEVEL,DRY,UNKNOWN,INJURY AND / OR TOW DUE TO CRASH,Y,$500 OR LESS,UNABLE TO DETERMINE,2,"REPORTED, NOT EVIDENT",1.0,0.0,0.0,0.0,1.0,1.0,17,3,9
05/22/2019 01:07:00 PM,TRAFFIC SIGNAL,CLEAR,DAYLIGHT,TURNING,DIVIDED - W/MEDIAN (NOT RAISED),STRAIGHT AND LEVEL,DRY,NO DEFECTS,NO INJURY / DRIVE AWAY,Y,"OVER $1,500",FAILING TO REDUCE SPEED TO AVOID CRASH,2,NO INDICATION OF INJURY,0.0,0.0,0.0,0.0,0.0,3.0,13,4,5
03/09/2018 12:06:00 PM,TRAFFIC SIGNAL,CLEAR,DAYLIGHT,ANGLE,NOT DIVIDED,STRAIGHT AND LEVEL,DRY,NO DEFECTS,INJURY AND / OR TOW DUE TO CRASH,Y,"OVER $1,500",UNABLE TO DETERMINE,2,NONINCAPACITATING INJURY,1.0,0.0,0.0,1.0,0.0,1.0,12,6,3
01/18/2021 10:00:00 AM,TRAFFIC SIGNAL,CLEAR,DAYLIGHT,SIDESWIPE SAME DIRECTION,DIVIDED - W/MEDIAN BARRIER,STRAIGHT ON GRADE,DRY,UNKNOWN,NO INJURY / DRIVE AWAY,Y,"OVER $1,500",FAILING TO YIELD RIGHT-OF-WAY,2,NO INDICATION OF INJURY,0.0,0.0,0.0,0.0,0.0,2.0,10,2,1
03/19/2018 11:00:00 AM,TRAFFIC SIGNAL,CLEAR,DAYLIGHT,REAR END,DIVIDED - W/MEDIAN (NOT RAISED),STRAIGHT AND LEVEL,DRY,NO DEFECTS,INJURY AND / OR TOW DUE TO CRASH,Y,"OVER $1,500",FAILING TO REDUCE SPEED TO AVOID CRASH,2,"REPORTED, NOT EVIDENT",2.0,0.0,0.0,0.0,2.0,1.0,11,2,3
06/20/2021 08:32:00 PM,TRAFFIC SIGNAL,RAIN,DUSK,TURNING,NOT DIVIDED,STRAIGHT AND LEVEL,WET,NO DEFECTS,INJURY AND / OR TOW DUE TO CRASH,Y,"OVER $1,500",FAILING TO YIELD RIGHT-OF-WAY,2,NONINCAPACITATING INJURY,2.0,0.0,0.0,2.0,0.0,1.0,20,1,6
09/15/2019 05:00:00 AM,TRAFFIC SIGNAL,RAIN,"DARKNESS, LIGHTED ROAD",ANGLE,FOUR WAY,STRAIGHT AND LEVEL,WET,NO DEFECTS,NO INJURY / DRIVE AWAY,Y,"OVER $1,500",DISREGARDING TRAFFIC SIGNALS,2,NO INDICATION OF INJURY,0.0,0.0,0.0,0.0,0.0,2.0,5,1,9
12/14/2021 07:45:00 PM,TRAFFIC SIGNAL,CLEAR,"DARKNESS, LIGHTED ROAD",TURNING,FOUR WAY,STRAIGHT AND LEVEL,WET,NO DEFECTS,NO INJURY / DRIVE AWAY,Y,"OVER $1,500",FAILING TO YIELD RIGHT-OF-WAY,2,NO INDICATION OF INJURY,0.0,0.0,0.0,0.0,0.0,3.0,19,3,12
05/13/2018 01:30:00 AM,TRAFFIC SIGNAL,CLEAR,"DARKNESS, LIGHTED ROAD",TURNING,ONE-WAY,STRAIGHT AND LEVEL,DRY,NO DEFECTS,NO INJURY / DRIVE AWAY,Y,"OVER $1,500",IMPROPER TURNING/NO SIGNAL,2,NO INDICATION OF INJURY,0.0,0.0,0.0,0.0,0.0,2.0,1,1,5
03/03/2023 05:25:00 PM,TRAFFIC SIGNAL,CLEAR,DAYLIGHT,REAR END,FOUR WAY,STRAIGHT AND LEVEL,DRY,NO DEFECTS,NO INJURY / DRIVE AWAY,Y,"OVER $1,500",FOLLOWING TOO CLOSELY,2,NO INDICATION OF INJURY,0.0,0.0,0.0,0.0,0.0,3.0,17,6,3
07/02/2021 05:00:00 PM,STOP SIGN/FLASHER,CLEAR,DAYLIGHT,ANGLE,NOT DIVIDED,STRAIGHT AND LEVEL,DRY,NO DEFECTS,NO INJURY / DRIVE AWAY,Y,"OVER $1,500",UNABLE TO DETERMINE,2,NO INDICATION OF INJURY,0.0,0.0,0.0,0.0,0.0,2.0,17,6,7
09/29/2022 10:00:00 PM,NO CONTROLS,CLEAR,DARKNESS,OTHER OBJECT,DIVIDED - W/MEDIAN BARRIER,STRAIGHT AND LEVEL,DRY,NO DEFECTS,INJURY AND / OR TOW DUE TO CRASH,Y,"OVER $1,500",UNABLE TO DETERMINE,1,INCAPACITATING INJURY,2.0,0.0,1.0,1.0,0.0,0.0,22,5,9
06/25/2017 12:08:00 AM,TRAFFIC SIGNAL,CLEAR,"DARKNESS, LIGHTED ROAD",TURNING,OTHER,STRAIGHT AND LEVEL,DRY,NO DEFECTS,NO INJURY / DRIVE AWAY,Y,"OVER $1,500",IMPROPER TURNING/NO SIGNAL,2,NO INDICATION OF INJURY,0.0,0.0,0.0,0.0,0.0,3.0,0,1,6
02/22/2018 04:30:00 PM,TRAFFIC SIGNAL,CLEAR,DAYLIGHT,REAR END,DIVIDED - W/MEDIAN (NOT RAISED),STRAIGHT AND LEVEL,DRY,NO DEFECTS,NO INJURY / DRIVE AWAY,N,"OVER $1,500",UNABLE TO DETERMINE,2,NO INDICATION OF INJURY,0.0,0.0,0.0,0.0,0.0,2.0,16,5,2
09/15/2021 08:25:00 PM,TRAFFIC SIGNAL,CLEAR,"DARKNESS, LIGHTED ROAD",ANGLE,FOUR WAY,STRAIGHT AND LEVEL,DRY,UNKNOWN,INJURY AND / OR TOW DUE TO CRASH,Y,"OVER $1,500",IMPROPER TURNING/NO SIGNAL,2,NONINCAPACITATING INJURY,1.0,0.0,0.0,1.0,0.0,2.0,20,4,9
01/03/2022 02:45:00 PM,TRAFFIC SIGNAL,SNOW,DAYLIGHT,REAR END,FOUR WAY,STRAIGHT AND LEVEL,SNOW OR SLUSH,NO DEFECTS,INJURY AND / OR TOW DUE TO CRASH,Y,"OVER $1,500",FOLLOWING TOO CLOSELY,2,NONINCAPACITATING INJURY,1.0,0.0,0.0,1.0,0.0,1.0,14,2,1