crash_date,traffic_control_device,weather_condition,lighting_condition,first_crash_type,trafficway_type,alignment,roadway_surface_cond,road_defect,crash_type,intersection_related_i,damage,prim_contributory_cause,num_units,most_severe_injury,injuries_total,injuries_fatal,injuries_incapacitating,injuries_non_incapacitating,injuries_reported_not_evident,injuries_no_indication,crash_hour,crash_day_of_week,crash_month
07/27/2024 01:50:00 PM,NO CONTROLS,UNKNOWN,UNKNOWN,REAR END,DIVIDED - W/MEDIAN (NOT RAISED),STRAIGHT AND LEVEL,UNKNOWN,UNKNOWN,NO INJURY / DRIVE AWAY,Y,"OVER $1,500",FAILING TO REDUCE SPEED TO AVOID CRASH,3,NO INDICATION OF INJURY,0.0,0.0,0.0,0.0,0.0,3.0,13,7,7
07/15/2024 12:13:00 PM,STOP SIGN/FLASHER,CLEAR,DAYLIGHT,ANGLE,DIVIDED - W/MEDIAN (NOT RAISED),STRAIGHT AND LEVEL,DRY,NO DEFECTS,NO INJURY / DRIVE AWAY,Y,"OVER $1,500",UNABLE TO DETERMINE,2,NO INDICATION OF INJURY,0.0,0.0,0.0,0.0,0.0,2.0,12,2,7
07/15/2024 09:00:00 AM,TRAFFIC SIGNAL,CLEAR,DAYLIGHT,ANGLE,NOT DIVIDED,STRAIGHT AND LEVEL,DRY,NO DEFECTS,NO INJURY / DRIVE AWAY,Y,"$501 - $1,500",UNABLE TO DETERMINE,2,NO INDICATION OF INJURY,0.0,0.0,0.0,0.0,0.0,2.0,9,2,7
07/31/2024 12:40:00 AM,TRAFFIC SIGNAL,CLEAR,"DARKNESS, LIGHTED ROAD",ANGLE,DIVIDED - W/MEDIAN BARRIER,STRAIGHT AND LEVEL,DRY,UNKNOWN,INJURY AND / OR TOW DUE TO CRASH,Y,"OVER $1,500",UNABLE TO DETERMINE,2,"REPORTED, NOT EVIDENT",1.0,0.0,0.0,0.0,1.0,2.0,0,4,7
07/25/2024 05:32:00 PM,TRAFFIC SIGNAL,CLEAR,DAYLIGHT,TURNING,"FIVE POINT, OR MORE",STRAIGHT AND LEVEL,DRY,NO DEFECTS,NO INJURY / DRIVE AWAY,Y,"OVER $1,500",UNABLE TO DETERMINE,2,NO INDICATION OF INJURY,0.0,0.0,0.0,0.0,0.0,4.0,17,5,7
07/17/2024 02:55:00 PM,STOP SIGN/FLASHER,CLEAR,DAYLIGHT,ANGLE,FOUR WAY,STRAIGHT AND LEVEL,DRY,NO DEFECTS,INJURY AND / OR TOW DUE TO CRASH,Y,$500 OR LESS,UNABLE TO DETERMINE,2,NONINCAPACITATING INJURY,1.0,0.0,0.0,1.0,0.0,2.0,14,4,7
08/01/2024 07:31:00 AM,STOP SIGN/FLASHER,CLEAR,DAYLIGHT,ANGLE,DIVIDED - W/MEDIAN (NOT RAISED),STRAIGHT AND LEVEL,WET,NO DEFECTS,NO INJURY / DRIVE AWAY,Y,"OVER $1,500",FAILING TO YIELD RIGHT-OF-WAY,2,NO INDICATION OF INJURY,0.0,0.0,0.0,0.0,0.0,4.0,7,5,8
08/01/2024 09:43:00 AM,TRAFFIC SIGNAL,RAIN,DAYLIGHT,REAR END,OTHER,STRAIGHT AND LEVEL,WET,NO DEFECTS,INJURY AND / OR TOW DUE TO CRASH,Y,"OVER $1,500",FOLLOWING TOO CLOSELY,2,NONINCAPACITATING INJURY,2.0,0.0,0.0,2.0,0.0,2.0,9,5,8
08/03/2024 04:55:00 PM,UNKNOWN,UNKNOWN,UNKNOWN,SIDESWIPE SAME DIRECTION,NOT DIVIDED,STRAIGHT AND LEVEL,UNKNOWN,UNKNOWN,NO INJURY / DRIVE AWAY,Y,"OVER $1,500",IMPROPER OVERTAKING/PASSING,2,NO INDICATION OF INJURY,0.0,0.0,0.0,0.0,0.0,2.0,16,7,8
08/09/2024 02:50:00 PM,TRAFFIC SIGNAL,CLEAR,DAYLIGHT,REAR END,T-INTERSECTION,STRAIGHT AND LEVEL,DRY,UNKNOWN,NO INJURY / DRIVE AWAY,Y,"OVER $1,500",UNABLE TO DETERMINE,2,NO INDICATION OF INJURY,0.0,0.0,0.0,0.0,0.0,2.0,14,6,8
07/26/2024 02:24:00 PM,TRAFFIC SIGNAL,CLEAR,DAYLIGHT,TURNING,NOT DIVIDED,STRAIGHT AND LEVEL,DRY,NO DEFECTS,INJURY AND / OR TOW DUE TO CRASH,Y,"OVER $1,500",UNABLE TO DETERMINE,2,NO INDICATION OF INJURY,0.0,0.0,0.0,0.0,0.0,4.0,14,6,7
08/10/2024 06:20:00 AM,TRAFFIC SIGNAL,CLEAR,DAYLIGHT,ANGLE,FOUR WAY,STRAIGHT AND LEVEL,DRY,NO DEFECTS,INJURY AND / OR TOW DUE TO CRASH,Y,"OVER $1,500",DISREGARDING TRAFFIC SIGNALS,2,NO INDICATION OF INJURY,0.0,0.0,0.0,0.0,0.0,2.0,6,7,8
07/27/2024 04:00:00 PM,TRAFFIC SIGNAL,CLEAR,DAYLIGHT,TURNING,FOUR WAY,STRAIGHT AND LEVEL,DRY,UNKNOWN,NO INJURY / DRIVE AWAY,Y,"OVER $1,500",DISREGARDING TRAFFIC SIGNALS,2,NO INDICATION OF INJURY,0.0,0.0,0.0,0.0,0.0,2.0,16,7,7
08/08/2024 12:50:00 PM,TRAFFIC SIGNAL,CLEAR,DAYLIGHT,ANGLE,FOUR WAY,STRAIGHT AND LEVEL,DRY,UNKNOWN,INJURY AND / OR TOW DUE TO CRASH,Y,"OVER $1,500",UNABLE TO DETERMINE,2,NONINCAPACITATING INJURY,1.0,0.0,0.0,1.0,0.0,2.0,12,5,8
08/15/2024 05:30:00 AM,TRAFFIC SIGNAL,FREEZING RAIN/DRIZZLE,DAWN,TURNING,FOUR WAY,STRAIGHT AND LEVEL,WET,NO DEFECTS,NO INJURY / DRIVE AWAY,Y,"OVER $1,500",FAILING TO YIELD RIGHT-OF-WAY,2,NO INDICATION OF INJURY,0.0,0.0,0.0,0.0,0.0,2.0,5,5,8
07/27/2024 11:15:00 PM,TRAFFIC SIGNAL,CLEAR,"DARKNESS, LIGHTED ROAD",REAR END,DIVIDED - W/MEDIAN (NOT RAISED),STRAIGHT AND LEVEL,UNKNOWN,UNKNOWN,INJURY AND / OR TOW DUE TO CRASH,N,"OVER $1,500",FAILING TO REDUCE SPEED TO AVOID CRASH,2,NO INDICATION OF INJURY,0.0,0.0,0.0,0.0,0.0,2.0,23,7,7
07/29/2024 10:45:00 AM,NO CONTROLS,CLOUDY/OVERCAST,DAYLIGHT,ANGLE,PARKING LOT,STRAIGHT AND LEVEL,DRY,NO DEFECTS,INJURY AND / OR TOW DUE TO CRASH,Y,"OVER $1,500",FAILING TO YIELD RIGHT-OF-WAY,2,NO INDICATION OF INJURY,0.0,0.0,0.0,0.0,0.0,2.0,10,2,7
07/31/2024 02:50:00 AM,TRAFFIC SIGNAL,CLEAR,"DARKNESS, LIGHTED ROAD",ANGLE,DIVIDED - W/MEDIAN (NOT RAISED),STRAIGHT AND LEVEL,DRY,NO DEFECTS,INJURY AND / OR TOW DUE TO CRASH,Y,"OVER $1,500",DISREGARDING TRAFFIC SIGNALS,2,NO INDICATION OF INJURY,0.0,0.0,0.0,0.0,0.0,2.0,2,4,7
08/12/2024 12:33:00 PM,NO CONTROLS,CLEAR,DAYLIGHT,REAR END,DIVIDED - W/MEDIAN BARRIER,STRAIGHT AND LEVEL,DRY,NO DEFECTS,INJURY AND / OR TOW DUE TO CRASH,N,"OVER $1,500",UNABLE TO DETERMINE,2,INCAPACITATING INJURY,2.0,0.0,1.0,1.0,0.0,0.0,12,2,8
08/18/2024 07:20:00 PM,TRAFFIC SIGNAL,CLEAR,DUSK,TURNING,FOUR WAY,STRAIGHT AND LEVEL,DRY,UNKNOWN,NO INJURY / DRIVE AWAY,Y,"OVER $1,500",UNABLE TO DETERMINE,2,NO INDICATION OF INJURY,0.0,0.0,0.0,0.0,0.0,2.0,19,1,8
08/18/2024 10:00:00 PM,TRAFFIC SIGNAL,CLEAR,"DARKNESS, LIGHTED ROAD",SIDESWIPE SAME DIRECTION,DIVIDED - W/MEDIAN BARRIER,STRAIGHT AND LEVEL,DRY,NO DEFECTS,NO INJURY / DRIVE AWAY,Y,$500 OR LESS,IMPROPER LANE USAGE,2,NO INDICATION OF INJURY,0.0,0.0,0.0,0.0,0.0,7.0,22,1,8
08/21/2024 03:35:00 PM,TRAFFIC SIGNAL,UNKNOWN,DAYLIGHT,REAR END,FOUR WAY,STRAIGHT AND LEVEL,UNKNOWN,UNKNOWN,NO INJURY / DRIVE AWAY,Y,"OVER $1,500",UNABLE TO DETERMINE,2,NO INDICATION OF INJURY,0.0,0.0,0.0,0.0,0.0,2.0,15,4,8
08/09/2024 06:40:00 PM,TRAFFIC SIGNAL,CLEAR,DAYLIGHT,TURNING,ONE-WAY,STRAIGHT AND LEVEL,DRY,UNKNOWN,NO INJURY / DRIVE AWAY,Y,"$501 - $1,500",DRIVING SKILLS/KNOWLEDGE/EXPERIENCE,2,NO INDICATION OF INJURY,0.0,0.0,0.0,0.0,0.0,2.0,18,6,8
08/09/2024 07:31:00 PM,TRAFFIC SIGNAL,CLEAR,DAWN,ANGLE,DIVIDED - W/MEDIAN BARRIER,STRAIGHT AND LEVEL,DRY,NO DEFECTS,NO INJURY / DRIVE AWAY,Y,"OVER $1,500",FAILING TO YIELD RIGHT-OF-WAY,2,NO INDICATION OF INJURY,0.0,0.0,0.0,0.0,0.0,2.0,19,6,8
08/23/2024 04:10:00 PM,NO CONTROLS,CLEAR,DAYLIGHT,TURNING,T-INTERSECTION,STRAIGHT AND LEVEL,DRY,NO DEFECTS,NO INJURY / DRIVE AWAY,Y,"OVER $1,500",IMPROPER TURNING/NO SIGNAL,2,NO INDICATION OF INJURY,0.0,0.0,0.0,0.0,0.0,2.0,16,6,8
08/23/2024 11:30:00 PM,TRAFFIC SIGNAL,CLEAR,"DARKNESS, LIGHTED ROAD",TURNING,FOUR WAY,STRAIGHT AND LEVEL,DRY,NO DEFECTS,INJURY AND / OR TOW DUE TO CRASH,Y,"OVER $1,500",FAILING TO YIELD RIGHT-OF-WAY,2,NO INDICATION OF INJURY,0.0,0.0,0.0,0.0,0.0,2.0,23,6,8
08/24/2024 06:45:00 PM,TRAFFIC SIGNAL,CLEAR,DAYLIGHT,TURNING,FOUR WAY,STRAIGHT AND LEVEL,DRY,NO DEFECTS,NO INJURY / DRIVE AWAY,Y,"OVER $1,500",UNABLE TO DETERMINE,2,NO INDICATION OF INJURY,0.0,0.0,0.0,0.0,0.0,3.0,18,7,8
09/27/2019 02:03:00 PM,TRAFFIC SIGNAL,RAIN,DAYLIGHT,ANGLE,FOUR WAY,STRAIGHT AND LEVEL,WET,NO DEFECTS,INJURY AND / OR TOW DUE TO CRASH,Y,"OVER $1,500",UNABLE TO DETERMINE,2,NO INDICATION OF INJURY,0.0,0.0,0.0,0.0,0.0,3.0,14,6,9
01/18/2020 09:38:00 PM,TRAFFIC SIGNAL,CLEAR,DARKNESS,TURNING,NOT DIVIDED,STRAIGHT AND LEVEL,DRY,NO DEFECTS,NO INJURY / DRIVE AWAY,Y,"OVER $1,500",UNABLE TO DETERMINE,2,NO INDICATION OF INJURY,0.0,0.0,0.0,0.0,0.0,2.0,21,7,1
10/30/2023 07:05:00 AM,NO CONTROLS,CLEAR,DAYLIGHT,SIDESWIPE SAME DIRECTION,NOT DIVIDED,STRAIGHT AND LEVEL,DRY,UNKNOWN,NO INJURY / DRIVE AWAY,N,$500 OR LESS,NOT APPLICABLE,2,NO INDICATION OF INJURY,0.0,0.0,0.0,0.0,0.0,2.0,7,2,10
05/21/2021 10:30:00 AM,NO CONTROLS,CLEAR,DAYLIGHT,ANGLE,ALLEY,STRAIGHT AND LEVEL,DRY,NO DEFECTS,NO INJURY / DRIVE AWAY,N,"OVER $1,500",IMPROPER BACKING,2,NO INDICATION OF INJURY,0.0,0.0,0.0,0.0,0.0,2.0,10,6,5
10/29/2019 09:40:00 AM,NO CONTROLS,RAIN,DAYLIGHT,FIXED OBJECT,ONE-WAY,STRAIGHT AND LEVEL,WET,NO DEFECTS,INJURY AND / OR TOW DUE TO CRASH,Y,"OVER $1,500",UNABLE TO DETERMINE,2,NO INDICATION OF INJURY,0.0,0.0,0.0,0.0,0.0,1.0,9,3,10
05/28/2023 05:54:00 PM,STOP SIGN/FLASHER,CLEAR,DAYLIGHT,ANGLE,NOT DIVIDED,STRAIGHT AND LEVEL,DRY,NO DEFECTS,NO INJURY / DRIVE AWAY,Y,"OVER $1,500",UNABLE TO DETERMINE,3,NO INDICATION OF INJURY,0.0,0.0,0.0,0.0,0.0,2.0,17,1,5
09/12/2019 04:39:00 PM,NO CONTROLS,CLEAR,DAYLIGHT,ANGLE,NOT DIVIDED,STRAIGHT AND LEVEL,DRY,NO DEFECTS,NO INJURY / DRIVE AWAY,Y,"OVER $1,500",IMPROPER OVERTAKING/PASSING,2,NO INDICATION OF INJURY,0.0,0.0,0.0,0.0,0.0,4.0,16,5,9
12/09/2022 01:30:00 PM,NO CONTROLS,RAIN,DAYLIGHT,TURNING,NOT DIVIDED,STRAIGHT AND LEVEL,WET,NO DEFECTS,NO INJURY / DRIVE AWAY,Y,"OVER $1,500",FAILING TO YIELD RIGHT-OF-WAY,2,NO INDICATION OF INJURY,0.0,0.0,0.0,0.0,0.0,3.0,13,6,12
12/15/2020 03:00:00 PM,NO CONTROLS,CLEAR,DAYLIGHT,ANGLE,NOT DIVIDED,STRAIGHT AND LEVEL,DRY,UNKNOWN,NO INJURY / DRIVE AWAY,Y,"OVER $1,500",UNABLE TO DETERMINE,2,NO INDICATION OF INJURY,0.0,0.0,0.0,0.0,0.0,2.0,15,3,12
04/18/2020 10:40:00 AM,NO CONTROLS,CLEAR,DAYLIGHT,TURNING,FOUR WAY,STRAIGHT AND LEVEL,DRY,NO DEFECTS,NO INJURY / DRIVE AWAY,Y,"$501 - $1,500",UNABLE TO DETERMINE,2,NO INDICATION OF INJURY,0.0,0.0,0.0,0.0,0.0,3.0,10,7,4
04/07/2021 09:00:00 PM,TRAFFIC SIGNAL,CLEAR,"DARKNESS, LIGHTED ROAD",REAR END,FOUR WAY,STRAIGHT AND LEVEL,DRY,UNKNOWN,NO INJURY / DRIVE AWAY,Y,"OVER $1,500",FOLLOWING TOO CLOSELY,2,NO INDICATION OF INJURY,0.0,0.0,0.0,0.0,0.0,2.0,21,4,4
06/30/2020 01:37:00 PM,TRAFFIC SIGNAL,CLEAR,DAYLIGHT,TURNING,FOUR WAY,STRAIGHT AND LEVEL,DRY,NO DEFECTS,NO INJURY / DRIVE AWAY,Y,"$501 - $1,500",UNABLE TO DETERMINE,2,NO INDICATION OF INJURY,0.0,0.0,0.0,0.0,0.0,2.0,13,3,6
08/13/2023 02:35:00 PM,TRAFFIC SIGNAL,CLEAR,DAYLIGHT,TURNING,OTHER,STRAIGHT AND LEVEL,DRY,UNKNOWN,INJURY AND / OR TOW DUE TO CRASH,Y,"OVER $1,500",UNABLE TO DETERMINE,2,NONINCAPACITATING INJURY,1.0,0.0,0.0,1.0,0.0,3.0,14,1,8
08/04/2022 03:30:00 PM,NO CONTROLS,CLEAR,DAYLIGHT,ANGLE,FOUR WAY,STRAIGHT AND LEVEL,DRY,NO DEFECTS,NO INJURY / DRIVE AWAY,Y,"OVER $1,500",UNABLE TO DETERMINE,2,NO INDICATION OF INJURY,0.0,0.0,0.0,0.0,0.0,3.0,15,5,8
04/26/2022 07:30:00 PM,NO CONTROLS,CLEAR,DUSK,REAR TO FRONT,FOUR WAY,STRAIGHT AND LEVEL,DRY,NO DEFECTS,NO INJURY / DRIVE AWAY,Y,"OVER $1,500",NOT APPLICABLE,2,NO INDICATION OF INJURY,0.0,0.0,0.0,0.0,0.0,2.0,19,3,4
06/17/2024 04:30:00 PM,NO CONTROLS,CLEAR,DAYLIGHT,ANGLE,UNKNOWN INTERSECTION TYPE,"CURVE, LEVEL",DRY,NO DEFECTS,NO INJURY / DRIVE AWAY,Y,"OVER $1,500",UNABLE TO DETERMINE,2,NO INDICATION OF INJURY,0.0,0.0,0.0,0.0,0.0,2.0,16,2,6
06/05/2021 06:40:00 PM,TRAFFIC SIGNAL,CLEAR,DAYLIGHT,TURNING,FOUR WAY,STRAIGHT AND LEVEL,DRY,NO DEFECTS,NO INJURY / DRIVE AWAY,Y,"$501 - $1,500",IMPROPER TURNING/NO SIGNAL,2,NO INDICATION OF INJURY,0.0,0.0,0.0,0.0,0.0,2.0,18,7,6
05/13/2022 03:00:00 PM,TRAFFIC SIGNAL,CLEAR,DAYLIGHT,REAR END,NOT DIVIDED,STRAIGHT AND LEVEL,DRY,UNKNOWN,NO INJURY / DRIVE AWAY,N,"OVER $1,500",UNABLE TO DETERMINE,2,NO INDICATION OF INJURY,0.0,0.0,0.0,0.0,0.0,2.0,15,6,5
10/20/2019 02:50:00 PM,STOP SIGN/FLASHER,CLEAR,DAYLIGHT,ANGLE,FOUR WAY,STRAIGHT AND LEVEL,DRY,NO DEFECTS,NO INJURY / DRIVE AWAY,Y,"OVER $1,500",UNABLE TO DETERMINE,2,NO INDICATION OF INJURY,0.0,0.0,0.0,0.0,0.0,7.0,14,1,10
09/09/2020 09:45:00 AM,NO CONTROLS,CLEAR,DAYLIGHT,ANGLE,ALLEY,STRAIGHT AND LEVEL,WET,NO DEFECTS,NO INJURY / DRIVE AWAY,Y,"$501 - $1,500",NOT APPLICABLE,2,NO INDICATION OF INJURY,0.0,0.0,0.0,0.0,0.0,3.0,9,4,9
03/13/2018 01:30:00 PM,TRAFFIC SIGNAL,SNOW,DUSK,TURNING,NOT DIVIDED,STRAIGHT AND LEVEL,WET,UNKNOWN,NO INJURY / DRIVE AWAY,Y,$500 OR LESS,UNABLE TO DETERMINE,2,NO INDICATION OF INJURY,0.0,0.0,0.0,0.0,0.0,2.0,13,3,3
03/31/2023 03:05:00 PM,UNKNOWN,CLEAR,DAYLIGHT,SIDESWIPE SAME DIRECTION,UNKNOWN,STRAIGHT AND LEVEL,DRY,UNKNOWN,NO INJURY / DRIVE AWAY,Y,"OVER $1,500",UNABLE TO DETERMINE,2,NO INDICATION OF INJURY,0.0,0.0,0.0,0.0,0.0,2.0,15,6,3
01/25/2023 04:00:00 PM,NO CONTROLS,SNOW,DAYLIGHT,REAR END,NOT DIVIDED,STRAIGHT AND LEVEL,WET,UNKNOWN,NO INJURY / DRIVE AWAY,Y,"OVER $1,500",UNABLE TO DETERMINE,2,NO INDICATION OF INJURY,0.0,0.0,0.0,0.0,0.0,5.0,16,4,1
04/30/2023 05:48:00 PM,NO CONTROLS,RAIN,DAYLIGHT,ANGLE,NOT DIVIDED,STRAIGHT AND LEVEL,WET,NO DEFECTS,INJURY AND / OR TOW DUE TO CRASH,Y,"OVER $1,500",UNABLE TO DETERMINE,3,NO INDICATION OF INJURY,0.0,0.0,0.0,0.0,0.0,3.0,17,1,4
10/25/2021 10:25:00 AM,NO CONTROLS,RAIN,DAYLIGHT,TURNING,FOUR WAY,STRAIGHT AND LEVEL,WET,NO DEFECTS,INJURY AND / OR TOW DUE TO CRASH,Y,"OVER $1,500",FOLLOWING TOO CLOSELY,2,NO INDICATION OF INJURY,0.0,0.0,0.0,0.0,0.0,2.0,10,2,10
12/31/2020 11:39:00 PM,STOP SIGN/FLASHER,CLEAR,"DARKNESS, LIGHTED ROAD",REAR END,ONE-WAY,STRAIGHT AND LEVEL,ICE,UNKNOWN,NO INJURY / DRIVE AWAY,Y,$500 OR LESS,WEATHER,2,NO INDICATION OF INJURY,0.0,0.0,0.0,0.0,0.0,3.0,23,5,12
01/11/2024 09:30:00 AM,UNKNOWN,CLEAR,DAYLIGHT,REAR END,NOT DIVIDED,STRAIGHT AND LEVEL,DRY,NO DEFECTS,NO INJURY / DRIVE AWAY,Y,"OVER $1,500",NOT APPLICABLE,2,NO INDICATION OF INJURY,0.0,0.0,0.0,0.0,0.0,2.0,9,5,1
04/07/2019 11:40:00 PM,UNKNOWN,CLEAR,DARKNESS,TURNING,CENTER TURN LANE,STRAIGHT AND LEVEL,DRY,UNKNOWN,NO INJURY / DRIVE AWAY,Y,"OVER $1,500",UNABLE TO DETERMINE,2,NO INDICATION OF INJURY,0.0,0.0,0.0,0.0,0.0,4.0,23,1,4
08/08/2019 06:30:00 PM,NO CONTROLS,CLEAR,DAYLIGHT,HEAD ON,NOT DIVIDED,STRAIGHT AND LEVEL,DRY,NO DEFECTS,INJURY AND / OR TOW DUE TO CRASH,Y,"OVER $1,500",FAILING TO YIELD RIGHT-OF-WAY,2,NO INDICATION OF INJURY,0.0,0.0,0.0,0.0,0.0,2.0,18,5,8
07/28/2022 06:40:00 PM,NO CONTROLS,CLEAR,DAYLIGHT,ANGLE,NOT DIVIDED,STRAIGHT AND LEVEL,DRY,NO DEFECTS,NO INJURY / DRIVE AWAY,Y,"OVER $1,500",UNABLE TO DETERMINE,2,NO INDICATION OF INJURY,0.0,0.0,0.0,0.0,0.0,2.0,18,5,7
09/09/2022 06:02:00 PM,TRAFFIC SIGNAL,CLEAR,DAYLIGHT,ANGLE,FOUR WAY,STRAIGHT AND LEVEL,DRY,NO DEFECTS,NO INJURY / DRIVE AWAY,Y,"$501 - $1,500",UNABLE TO DETERMINE,2,NO INDICATION OF INJURY,0.0,0.0,0.0,0.0,0.0,2.0,18,6,9
12/12/2022 09:00:00 AM,NO CONTROLS,UNKNOWN,DAYLIGHT,ANGLE,FOUR WAY,STRAIGHT AND LEVEL,UNKNOWN,UNKNOWN,NO INJURY / DRIVE AWAY,Y,$500 OR LESS,DISREGARDING STOP SIGN,2,NO INDICATION OF INJURY,0.0,0.0,0.0,0.0,0.0,2.0,9,2,12
07/16/2022 02:25:00 PM,TRAFFIC SIGNAL,CLEAR,DAYLIGHT,ANGLE,NOT REPORTED,STRAIGHT AND LEVEL,DRY,NO DEFECTS,NO INJURY / DRIVE AWAY,Y,"OVER $1,500",UNABLE TO DETERMINE,2,NO INDICATION OF INJURY,0.0,0.0,0.0,0.0,0.0,2.0,14,7,7
08/14/2024 04:53:00 PM,TRAFFIC SIGNAL,CLEAR,DAYLIGHT,ANGLE,FOUR WAY,STRAIGHT AND LEVEL,DRY,NO DEFECTS,NO INJURY / DRIVE AWAY,Y,"OVER $1,500",FAILING TO YIELD RIGHT-OF-WAY,2,NO INDICATION OF INJURY,0.0,0.0,0.0,0.0,0.0,5.0,16,4,8
11/21/2023 10:10:00 AM,STOP SIGN/FLASHER,RAIN,DAYLIGHT,REAR END,NOT DIVIDED,STRAIGHT AND LEVEL,WET,NO DEFECTS,NO INJURY / DRIVE AWAY,Y,"$501 - $1,500",FOLLOWING TOO CLOSELY,2,NO INDICATION OF INJURY,0.0,0.0,0.0,0.0,0.0,2.0,10,3,11
06/15/2023 12:40:00 PM,UNKNOWN,UNKNOWN,UNKNOWN,TURNING,FOUR WAY,STRAIGHT AND LEVEL,UNKNOWN,UNKNOWN,NO INJURY / DRIVE AWAY,Y,"OVER $1,500",UNABLE TO DETERMINE,2,NO INDICATION OF INJURY,0.0,0.0,0.0,0.0,0.0,3.0,12,5,6
07/28/2020 03:38:00 PM,TRAFFIC SIGNAL,CLEAR,DAYLIGHT,ANGLE,NOT DIVIDED,STRAIGHT AND LEVEL,DRY,NO DEFECTS,NO INJURY / DRIVE AWAY,Y,"OVER $1,500",UNABLE TO DETERMINE,2,NO INDICATION OF INJURY,0.0,0.0,0.0,0.0,0.0,2.0,15,3,7
10/29/2019 07:20:00 AM,TRAFFIC SIGNAL,RAIN,DAYLIGHT,REAR END,NOT DIVIDED,STRAIGHT AND LEVEL,WET,UNKNOWN,NO INJURY / DRIVE AWAY,Y,"OVER $1,500",UNABLE TO DETERMINE,2,NO INDICATION OF INJURY,0.0,0.0,0.0,0.0,0.0,2.0,7,3,10
10/17/2019 08:17:00 PM,STOP SIGN/FLASHER,CLEAR,DARKNESS,ANGLE,NOT DIVIDED,STRAIGHT AND LEVEL,DRY,NO DEFECTS,INJURY AND / OR TOW DUE TO CRASH,Y,"OVER $1,500",UNABLE TO DETERMINE,2,NO INDICATION OF INJURY,0.0,0.0,0.0,0.0,0.0,2.0,20,5,10
12/13/2019 03:20:00 PM,NO CONTROLS,CLEAR,DAYLIGHT,REAR END,NOT DIVIDED,STRAIGHT AND LEVEL,DRY,NO DEFECTS,INJURY AND / OR TOW DUE TO CRASH,Y,"OVER $1,500",FOLLOWING TOO CLOSELY,2,"REPORTED, NOT EVIDENT",1.0,0.0,0.0,0.0,1.0,1.0,15,6,12
05/19/2022 11:15:00 AM,STOP SIGN/FLASHER,CLEAR,DAYLIGHT,ANGLE,NOT DIVIDED,STRAIGHT AND LEVEL,DRY,NO DEFECTS,NO INJURY / DRIVE AWAY,Y,"OVER $1,500",UNABLE TO DETERMINE,2,NO INDICATION OF INJURY,0.0,0.0,0.0,0.0,0.0,2.0,11,5,5
02/21/2023 04:50:00 PM,NO CONTROLS,CLEAR,DUSK,TURNING,NOT DIVIDED,STRAIGHT AND LEVEL,DRY,NO DEFECTS,INJURY AND / OR TOW DUE TO CRASH,Y,"OVER $1,500",UNABLE TO DETERMINE,3,NO INDICATION OF INJURY,0.0,0.0,0.0,0.0,0.0,3.0,16,3,2
04/06/2022 09:29:00 AM,NO CONTROLS,RAIN,DAYLIGHT,ANGLE,NOT DIVIDED,STRAIGHT AND LEVEL,WET,NO DEFECTS,NO INJURY / DRIVE AWAY,Y,"OVER $1,500",FAILING TO YIELD RIGHT-OF-WAY,2,NO INDICATION OF INJURY,0.0,0.0,0.0,0.0,0.0,2.0,9,4,4
07/16/2024 12:57:00 PM,UNKNOWN,CLEAR,DAYLIGHT,REAR END,FOUR WAY,STRAIGHT AND LEVEL,DRY,NO DEFECTS,NO INJURY / DRIVE AWAY,Y,"OVER $1,500",FOLLOWING TOO CLOSELY,2,NO INDICATION OF INJURY,0.0,0.0,0.0,0.0,0.0,4.0,12,3,7
06/10/2017 10:30:00 PM,UNKNOWN,UNKNOWN,UNKNOWN,SIDESWIPE SAME DIRECTION,NOT DIVIDED,STRAIGHT AND LEVEL,UNKNOWN,UNKNOWN,NO INJURY / DRIVE AWAY,Y,"$501 - $1,500",NOT APPLICABLE,2,NO INDICATION OF INJURY,0.0,0.0,0.0,0.0,0.0,2.0,22,7,6
05/11/2023 08:20:00 AM,TRAFFIC SIGNAL,CLEAR,DAYLIGHT,TURNING,FOUR WAY,STRAIGHT AND LEVEL,DRY,UNKNOWN,NO INJURY / DRIVE AWAY,Y,"OVER $1,500",DISTRACTION - FROM OUTSIDE VEHICLE,2,NO INDICATION OF INJURY,0.0,0.0,0.0,0.0,0.0,3.0,8,5,5
07/28/2020 12:00:00 PM,YIELD,CLEAR,DAYLIGHT,ANGLE,FOUR WAY,STRAIGHT AND LEVEL,DRY,NO DEFECTS,NO INJURY / DRIVE AWAY,Y,"$501 - $1,500",DISREGARDING STOP SIGN,2,NO INDICATION OF INJURY,0.0,0.0,0.0,0.0,0.0,2.0,12,3,7
02/15/2020 04:08:00 PM,TRAFFIC SIGNAL,SNOW,DAYLIGHT,FIXED OBJECT,FOUR WAY,STRAIGHT AND LEVEL,WET,NO DEFECTS,INJURY AND / OR TOW DUE TO CRASH,Y,"OVER $1,500",WEATHER,1,NO INDICATION OF INJURY,0.0,0.0,0.0,0.0,0.0,1.0,16,7,2
11/24/2020 01:08:00 PM,TRAFFIC SIGNAL,RAIN,DAYLIGHT,TURNING,FOUR WAY,STRAIGHT AND LEVEL,WET,NO DEFECTS,NO INJURY / DRIVE AWAY,Y,"OVER $1,500",NOT APPLICABLE,2,NO INDICATION OF INJURY,0.0,0.0,0.0,0.0,0.0,2.0,13,3,11