crash_date,traffic_control_device,weather_condition,lighting_condition,first_crash_type,trafficway_type,alignment,roadway_surface_cond,road_defect,crash_type,intersection_related_i,damage,prim_contributory_cause,num_units,most_severe_injury,injuries_total,injuries_fatal,injuries_incapacitating,injuries_non_incapacitating,injuries_reported_not_evident,injuries_no_indication,crash_hour,crash_day_of_week,crash_month
10/05/2019 05:46:00 PM,TRAFFIC SIGNAL,RAIN,DUSK,REAR END,FOUR WAY,STRAIGHT AND LEVEL,WET,UNKNOWN,NO INJURY / DRIVE AWAY,Y,$500 OR LESS,FOLLOWING TOO CLOSELY,2,NO INDICATION OF INJURY,0.0,0.0,0.0,0.0,0.0,3.0,17,7,10
10/24/2017 03:45:00 PM,STOP SIGN/FLASHER,RAIN,DAYLIGHT,ANGLE,ONE-WAY,STRAIGHT AND LEVEL,WET,NO DEFECTS,NO INJURY / DRIVE AWAY,Y,"OVER $1,500",DISREGARDING STOP SIGN,2,NO INDICATION OF INJURY,0.0,0.0,0.0,0.0,0.0,2.0,15,3,10
01/07/2020 04:30:00 PM,STOP SIGN/FLASHER,CLEAR,DAWN,REAR END,FOUR WAY,STRAIGHT AND LEVEL,DRY,NO DEFECTS,NO INJURY / DRIVE AWAY,Y,$500 OR LESS,FOLLOWING TOO CLOSELY,2,NO INDICATION OF INJURY,0.0,0.0,0.0,0.0,0.0,2.0,16,3,1
10/13/2022 05:56:00 PM,TRAFFIC SIGNAL,CLEAR,DAWN,TURNING,ONE-WAY,STRAIGHT AND LEVEL,DRY,NO DEFECTS,NO INJURY / DRIVE AWAY,Y,"OVER $1,500",UNABLE TO DETERMINE,3,NO INDICATION OF INJURY,0.0,0.0,0.0,0.0,0.0,3.0,17,5,10
01/27/2023 08:37:00 AM,NO CONTROLS,CLEAR,DAYLIGHT,TURNING,T-INTERSECTION,STRAIGHT AND LEVEL,DRY,NO DEFECTS,INJURY AND / OR TOW DUE TO CRASH,Y,"$501 - $1,500",NOT APPLICABLE,2,NO INDICATION OF INJURY,0.0,0.0,0.0,0.0,0.0,2.0,8,6,1
07/08/2023 01:00:00 PM,NO CONTROLS,CLEAR,DAYLIGHT,PARKED MOTOR VEHICLE,FOUR WAY,STRAIGHT AND LEVEL,DRY,NO DEFECTS,NO INJURY / DRIVE AWAY,Y,"OVER $1,500",IMPROPER BACKING,2,NO INDICATION OF INJURY,0.0,0.0,0.0,0.0,0.0,1.0,13,7,7
07/27/2023 12:14:00 PM,TRAFFIC SIGNAL,CLEAR,DAYLIGHT,ANGLE,NOT DIVIDED,STRAIGHT AND LEVEL,DRY,NO DEFECTS,NO INJURY / DRIVE AWAY,Y,"OVER $1,500",UNABLE TO DETERMINE,2,NO INDICATION OF INJURY,0.0,0.0,0.0,0.0,0.0,2.0,12,5,7
02/01/2020 09:15:00 PM,NO CONTROLS,CLEAR,DAWN,ANGLE,NOT DIVIDED,STRAIGHT AND LEVEL,DRY,NO DEFECTS,NO INJURY / DRIVE AWAY,Y,"$501 - $1,500",FAILING TO YIELD RIGHT-OF-WAY,2,NO INDICATION OF INJURY,0.0,0.0,0.0,0.0,0.0,2.0,21,7,2
09/18/2023 04:48:00 PM,STOP SIGN/FLASHER,CLEAR,DAYLIGHT,ANGLE,OTHER,STRAIGHT AND LEVEL,DRY,UNKNOWN,INJURY AND / OR TOW DUE TO CRASH,Y,"OVER $1,500",UNABLE TO DETERMINE,2,NO INDICATION OF INJURY,0.0,0.0,0.0,0.0,0.0,3.0,16,2,9
02/04/2021 01:48:00 PM,TRAFFIC SIGNAL,SNOW,DAYLIGHT,REAR END,FOUR WAY,STRAIGHT AND LEVEL,WET,UNKNOWN,NO INJURY / DRIVE AWAY,Y,"OVER $1,500",UNABLE TO DETERMINE,3,NO INDICATION OF INJURY,0.0,0.0,0.0,0.0,0.0,9.0,13,5,2
03/11/2024 04:53:00 PM,TRAFFIC SIGNAL,CLEAR,DAYLIGHT,REAR END,FOUR WAY,STRAIGHT AND LEVEL,DRY,UNKNOWN,NO INJURY / DRIVE AWAY,Y,"OVER $1,500",NOT APPLICABLE,3,NO INDICATION OF INJURY,0.0,0.0,0.0,0.0,0.0,5.0,16,2,3
10/13/2019 02:34:00 PM,TRAFFIC SIGNAL,CLEAR,DAYLIGHT,TURNING,T-INTERSECTION,STRAIGHT AND LEVEL,DRY,NO DEFECTS,NO INJURY / DRIVE AWAY,Y,"OVER $1,500",UNABLE TO DETERMINE,2,NO INDICATION OF INJURY,0.0,0.0,0.0,0.0,0.0,2.0,14,1,10
06/02/2022 11:05:00 AM,NO CONTROLS,CLEAR,DAYLIGHT,PEDALCYCLIST,ONE-WAY,STRAIGHT AND LEVEL,DRY,NO DEFECTS,NO INJURY / DRIVE AWAY,Y,$500 OR LESS,UNABLE TO DETERMINE,2,NO INDICATION OF INJURY,0.0,0.0,0.0,0.0,0.0,2.0,11,5,6
11/01/2019 09:40:00 AM,TRAFFIC SIGNAL,CLEAR,DAYLIGHT,REAR TO SIDE,OTHER,STRAIGHT AND LEVEL,DRY,NO DEFECTS,NO INJURY / DRIVE AWAY,Y,"OVER $1,500",NOT APPLICABLE,2,NO INDICATION OF INJURY,0.0,0.0,0.0,0.0,0.0,2.0,9,6,11
07/26/2022 02:44:00 PM,NO CONTROLS,CLEAR,DAYLIGHT,ANGLE,TRAFFIC ROUTE,STRAIGHT AND LEVEL,DRY,NO DEFECTS,INJURY AND / OR TOW DUE TO CRASH,Y,"OVER $1,500",UNABLE TO DETERMINE,2,NO INDICATION OF INJURY,0.0,0.0,0.0,0.0,0.0,3.0,14,3,7
09/23/2020 10:14:00 PM,TRAFFIC SIGNAL,CLEAR,DARKNESS,TURNING,ONE-WAY,STRAIGHT AND LEVEL,DRY,NO DEFECTS,NO INJURY / DRIVE AWAY,N,"OVER $1,500",UNABLE TO DETERMINE,2,NO INDICATION OF INJURY,0.0,0.0,0.0,0.0,0.0,2.0,22,4,9
02/20/2024 02:50:00 PM,NO CONTROLS,CLEAR,DAYLIGHT,ANGLE,FOUR WAY,STRAIGHT AND LEVEL,DRY,UNKNOWN,NO INJURY / DRIVE AWAY,Y,"$501 - $1,500",UNABLE TO DETERMINE,2,NO INDICATION OF INJURY,0.0,0.0,0.0,0.0,0.0,4.0,14,3,2
10/01/2021 10:24:00 PM,TRAFFIC SIGNAL,CLEAR,"DARKNESS, LIGHTED ROAD",ANGLE,NOT DIVIDED,STRAIGHT AND LEVEL,DRY,UNKNOWN,INJURY AND / OR TOW DUE TO CRASH,Y,"OVER $1,500",NOT APPLICABLE,2,NONINCAPACITATING INJURY,5.0,0.0,0.0,5.0,0.0,0.0,22,6,10
07/29/2021 04:59:00 PM,UNKNOWN,CLEAR,DAYLIGHT,TURNING,FOUR WAY,STRAIGHT AND LEVEL,UNKNOWN,OTHER,INJURY AND / OR TOW DUE TO CRASH,Y,"OVER $1,500",NOT APPLICABLE,2,NONINCAPACITATING INJURY,1.0,0.0,0.0,1.0,0.0,1.0,16,5,7
05/27/2021 03:50:00 PM,UNKNOWN,RAIN,DAYLIGHT,TURNING,NOT DIVIDED,STRAIGHT AND LEVEL,WET,UNKNOWN,NO INJURY / DRIVE AWAY,Y,"OVER $1,500",IMPROPER TURNING/NO SIGNAL,2,NO INDICATION OF INJURY,0.0,0.0,0.0,0.0,0.0,2.0,15,5,5
07/25/2020 10:20:00 AM,STOP SIGN/FLASHER,CLEAR,DAYLIGHT,ANGLE,NOT DIVIDED,STRAIGHT AND LEVEL,DRY,UNKNOWN,NO INJURY / DRIVE AWAY,Y,"OVER $1,500",UNABLE TO DETERMINE,2,NO INDICATION OF INJURY,0.0,0.0,0.0,0.0,0.0,2.0,10,7,7
08/13/2020 10:42:00 AM,NO CONTROLS,CLEAR,DAYLIGHT,REAR TO FRONT,ONE-WAY,STRAIGHT AND LEVEL,DRY,NO DEFECTS,NO INJURY / DRIVE AWAY,N,"$501 - $1,500",IMPROPER BACKING,2,NO INDICATION OF INJURY,0.0,0.0,0.0,0.0,0.0,2.0,10,5,8
09/06/2023 10:45:00 AM,UNKNOWN,CLEAR,DAYLIGHT,PEDALCYCLIST,RAMP,STRAIGHT AND LEVEL,UNKNOWN,UNKNOWN,INJURY AND / OR TOW DUE TO CRASH,N,$500 OR LESS,UNABLE TO DETERMINE,2,NONINCAPACITATING INJURY,1.0,0.0,0.0,1.0,0.0,1.0,10,4,9
06/19/2017 08:32:00 AM,STOP SIGN/FLASHER,CLEAR,DAYLIGHT,ANGLE,NOT DIVIDED,STRAIGHT AND LEVEL,DRY,UNKNOWN,INJURY AND / OR TOW DUE TO CRASH,Y,"OVER $1,500",UNABLE TO DETERMINE,2,"REPORTED, NOT EVIDENT",2.0,0.0,0.0,0.0,2.0,2.0,8,2,6
08/11/2024 03:00:00 PM,TRAFFIC SIGNAL,CLEAR,DAYLIGHT,ANGLE,Y-INTERSECTION,STRAIGHT AND LEVEL,DRY,NO DEFECTS,INJURY AND / OR TOW DUE TO CRASH,Y,"OVER $1,500",TURNING RIGHT ON RED,2,NO INDICATION OF INJURY,0.0,0.0,0.0,0.0,0.0,2.0,15,1,8
08/30/2018 07:15:00 AM,NO CONTROLS,CLEAR,DAYLIGHT,PARKED MOTOR VEHICLE,NOT DIVIDED,STRAIGHT AND LEVEL,DRY,NO DEFECTS,NO INJURY / DRIVE AWAY,Y,"OVER $1,500",UNABLE TO DETERMINE,3,NO INDICATION OF INJURY,0.0,0.0,0.0,0.0,0.0,1.0,7,5,8
10/13/2019 08:35:00 PM,TRAFFIC SIGNAL,CLEAR,"DARKNESS, LIGHTED ROAD",ANGLE,FOUR WAY,STRAIGHT AND LEVEL,DRY,UNKNOWN,NO INJURY / DRIVE AWAY,Y,"OVER $1,500",UNABLE TO DETERMINE,2,NO INDICATION OF INJURY,0.0,0.0,0.0,0.0,0.0,3.0,20,1,10
07/13/2018 06:11:00 PM,NO CONTROLS,CLEAR,DAYLIGHT,ANGLE,NOT DIVIDED,STRAIGHT AND LEVEL,DRY,NO DEFECTS,NO INJURY / DRIVE AWAY,Y,"OVER $1,500",FAILING TO YIELD RIGHT-OF-WAY,2,NO INDICATION OF INJURY,0.0,0.0,0.0,0.0,0.0,4.0,18,6,7
12/05/2019 08:10:00 AM,NO CONTROLS,CLEAR,DAYLIGHT,TURNING,NOT DIVIDED,STRAIGHT AND LEVEL,DRY,NO DEFECTS,NO INJURY / DRIVE AWAY,Y,$500 OR LESS,UNABLE TO DETERMINE,2,NO INDICATION OF INJURY,0.0,0.0,0.0,0.0,0.0,6.0,8,5,12
11/09/2017 03:45:00 PM,NO CONTROLS,CLEAR,DUSK,ANGLE,ALLEY,STRAIGHT AND LEVEL,DRY,NO DEFECTS,NO INJURY / DRIVE AWAY,Y,"OVER $1,500",FAILING TO YIELD RIGHT-OF-WAY,2,NO INDICATION OF INJURY,0.0,0.0,0.0,0.0,0.0,2.0,15,5,11
05/01/2019 05:10:00 PM,TRAFFIC SIGNAL,CLEAR,DAYLIGHT,ANGLE,ONE-WAY,STRAIGHT ON GRADE,UNKNOWN,UNKNOWN,INJURY AND / OR TOW DUE TO CRASH,Y,"OVER $1,500",UNABLE TO DETERMINE,2,NO INDICATION OF INJURY,0.0,0.0,0.0,0.0,0.0,2.0,17,4,5
10/10/2019 08:35:00 PM,NO CONTROLS,RAIN,DARKNESS,TURNING,NOT DIVIDED,STRAIGHT AND LEVEL,WET,UNKNOWN,NO INJURY / DRIVE AWAY,Y,$500 OR LESS,WEATHER,2,NO INDICATION OF INJURY,0.0,0.0,0.0,0.0,0.0,2.0,20,5,10
12/09/2023 05:05:00 AM,TRAFFIC SIGNAL,RAIN,DUSK,TURNING,FOUR WAY,STRAIGHT AND LEVEL,WET,UNKNOWN,INJURY AND / OR TOW DUE TO CRASH,Y,"OVER $1,500",IMPROPER TURNING/NO SIGNAL,2,NO INDICATION OF INJURY,0.0,0.0,0.0,0.0,0.0,2.0,5,7,12
05/05/2023 08:16:00 PM,TRAFFIC SIGNAL,CLEAR,DUSK,HEAD ON,FOUR WAY,STRAIGHT AND LEVEL,DRY,UNKNOWN,NO INJURY / DRIVE AWAY,Y,"OVER $1,500",UNABLE TO DETERMINE,2,NO INDICATION OF INJURY,0.0,0.0,0.0,0.0,0.0,2.0,20,6,5
06/14/2021 10:38:00 AM,TRAFFIC SIGNAL,CLEAR,DAYLIGHT,TURNING,FOUR WAY,STRAIGHT AND LEVEL,DRY,NO DEFECTS,NO INJURY / DRIVE AWAY,Y,"$501 - $1,500",UNABLE TO DETERMINE,2,NO INDICATION OF INJURY,0.0,0.0,0.0,0.0,0.0,3.0,10,2,6
09/05/2019 05:35:00 PM,TRAFFIC SIGNAL,CLEAR,DAYLIGHT,ANGLE,NOT DIVIDED,STRAIGHT AND LEVEL,DRY,NO DEFECTS,NO INJURY / DRIVE AWAY,Y,"$501 - $1,500",UNABLE TO DETERMINE,2,NO INDICATION OF INJURY,0.0,0.0,0.0,0.0,0.0,3.0,17,5,9
05/06/2024 04:25:00 PM,NO CONTROLS,CLEAR,DAYLIGHT,TURNING,T-INTERSECTION,STRAIGHT AND LEVEL,DRY,NO DEFECTS,NO INJURY / DRIVE AWAY,Y,"OVER $1,500",IMPROPER LANE USAGE,2,NO INDICATION OF INJURY,0.0,0.0,0.0,0.0,0.0,2.0,16,2,5
03/24/2022 03:27:00 PM,STOP SIGN/FLASHER,RAIN,DAYLIGHT,ANGLE,FOUR WAY,STRAIGHT AND LEVEL,WET,NO DEFECTS,NO INJURY / DRIVE AWAY,Y,"OVER $1,500",FAILING TO YIELD RIGHT-OF-WAY,2,NO INDICATION OF INJURY,0.0,0.0,0.0,0.0,0.0,2.0,15,5,3
12/09/2023 01:20:00 PM,STOP SIGN/FLASHER,UNKNOWN,UNKNOWN,REAR END,FOUR WAY,STRAIGHT AND LEVEL,UNKNOWN,UNKNOWN,NO INJURY / DRIVE AWAY,Y,"OVER $1,500",FOLLOWING TOO CLOSELY,2,NO INDICATION OF INJURY,0.0,0.0,0.0,0.0,0.0,2.0,13,7,12
05/25/2023 09:05:00 PM,UNKNOWN,CLEAR,DARKNESS,FIXED OBJECT,FOUR WAY,STRAIGHT AND LEVEL,DRY,NO DEFECTS,NO INJURY / DRIVE AWAY,Y,"OVER $1,500",NOT APPLICABLE,1,NO INDICATION OF INJURY,0.0,0.0,0.0,0.0,0.0,1.0,21,5,5
08/14/2024 02:43:00 PM,TRAFFIC SIGNAL,CLEAR,DAYLIGHT,TURNING,CENTER TURN LANE,STRAIGHT AND LEVEL,DRY,NO DEFECTS,NO INJURY / DRIVE AWAY,Y,"$501 - $1,500",UNABLE TO DETERMINE,2,NO INDICATION OF INJURY,0.0,0.0,0.0,0.0,0.0,2.0,14,4,8
02/21/2019 08:00:00 AM,NO CONTROLS,CLEAR,DAYLIGHT,FIXED OBJECT,NOT DIVIDED,STRAIGHT AND LEVEL,WET,OTHER,NO INJURY / DRIVE AWAY,Y,"OVER $1,500",NOT APPLICABLE,1,NO INDICATION OF INJURY,0.0,0.0,0.0,0.0,0.0,1.0,8,5,2
10/27/2017 08:30:00 AM,NO CONTROLS,CLEAR,DAYLIGHT,TURNING,NOT DIVIDED,STRAIGHT AND LEVEL,DRY,NO DEFECTS,NO INJURY / DRIVE AWAY,Y,"OVER $1,500",UNABLE TO DETERMINE,2,NO INDICATION OF INJURY,0.0,0.0,0.0,0.0,0.0,2.0,8,6,10
01/17/2019 07:25:00 AM,NO CONTROLS,CLEAR,DAYLIGHT,TURNING,NOT DIVIDED,STRAIGHT AND LEVEL,DRY,NO DEFECTS,INJURY AND / OR TOW DUE TO CRASH,Y,"OVER $1,500",UNABLE TO DETERMINE,2,NO INDICATION OF INJURY,0.0,0.0,0.0,0.0,0.0,2.0,7,5,1
05/30/2022 07:20:00 PM,NO CONTROLS,CLEAR,DAYLIGHT,TURNING,FOUR WAY,STRAIGHT AND LEVEL,DRY,NO DEFECTS,NO INJURY / DRIVE AWAY,Y,"$501 - $1,500",UNABLE TO DETERMINE,2,NO INDICATION OF INJURY,0.0,0.0,0.0,0.0,0.0,2.0,19,2,5
10/13/2021 04:06:00 PM,UNKNOWN,RAIN,DAYLIGHT,REAR END,FOUR WAY,STRAIGHT AND LEVEL,WET,NO DEFECTS,NO INJURY / DRIVE AWAY,Y,"$501 - $1,500",IMPROPER BACKING,2,NO INDICATION OF INJURY,0.0,0.0,0.0,0.0,0.0,3.0,16,4,10
05/09/2024 11:13:00 AM,NO CONTROLS,RAIN,DAYLIGHT,ANGLE,NOT DIVIDED,STRAIGHT AND LEVEL,WET,NO DEFECTS,NO INJURY / DRIVE AWAY,N,"OVER $1,500",UNABLE TO DETERMINE,2,NO INDICATION OF INJURY,0.0,0.0,0.0,0.0,0.0,2.0,11,5,5
04/14/2018 02:00:00 PM,STOP SIGN/FLASHER,RAIN,DAYLIGHT,ANGLE,NOT DIVIDED,STRAIGHT AND LEVEL,WET,NO DEFECTS,NO INJURY / DRIVE AWAY,Y,"OVER $1,500",FAILING TO YIELD RIGHT-OF-WAY,2,NO INDICATION OF INJURY,0.0,0.0,0.0,0.0,0.0,3.0,14,7,4
08/17/2023 01:30:00 PM,UNKNOWN,CLEAR,DAYLIGHT,ANGLE,UNKNOWN,STRAIGHT AND LEVEL,DRY,UNKNOWN,NO INJURY / DRIVE AWAY,Y,"OVER $1,500",UNABLE TO DETERMINE,2,NO INDICATION OF INJURY,0.0,0.0,0.0,0.0,0.0,2.0,13,5,8
07/16/2021 06:54:00 PM,NO CONTROLS,CLEAR,DAYLIGHT,HEAD ON,NOT DIVIDED,STRAIGHT AND LEVEL,DRY,NO DEFECTS,NO INJURY / DRIVE AWAY,Y,"OVER $1,500",UNABLE TO DETERMINE,2,NO INDICATION OF INJURY,0.0,0.0,0.0,0.0,0.0,2.0,18,6,7
11/23/2022 07:45:00 AM,NO CONTROLS,CLEAR,DAYLIGHT,PARKED MOTOR VEHICLE,ONE-WAY,STRAIGHT AND LEVEL,DRY,NO DEFECTS,NO INJURY / DRIVE AWAY,Y,"OVER $1,500",UNABLE TO DETERMINE,2,NO INDICATION OF INJURY,0.0,0.0,0.0,0.0,0.0,1.0,7,4,11
05/22/2019 01:04:00 PM,NO CONTROLS,CLEAR,DAYLIGHT,TURNING,NOT DIVIDED,STRAIGHT AND LEVEL,DRY,NO DEFECTS,NO INJURY / DRIVE AWAY,Y,"OVER $1,500",UNABLE TO DETERMINE,2,NO INDICATION OF INJURY,0.0,0.0,0.0,0.0,0.0,2.0,13,4,5
09/05/2023 07:32:00 PM,NO CONTROLS,CLEAR,DAYLIGHT,PARKED MOTOR VEHICLE,ALLEY,STRAIGHT AND LEVEL,DRY,NO DEFECTS,NO INJURY / DRIVE AWAY,N,"OVER $1,500",UNABLE TO DETERMINE,2,NO INDICATION OF INJURY,0.0,0.0,0.0,0.0,0.0,1.0,19,3,9
06/20/2019 04:03:00 PM,TRAFFIC SIGNAL,CLEAR,DAYLIGHT,TURNING,FOUR WAY,STRAIGHT AND LEVEL,DRY,NO DEFECTS,NO INJURY / DRIVE AWAY,Y,"OVER $1,500",UNABLE TO DETERMINE,2,NO INDICATION OF INJURY,0.0,0.0,0.0,0.0,0.0,2.0,16,5,6
01/08/2018 08:39:00 AM,NO CONTROLS,CLEAR,DAYLIGHT,TURNING,NOT DIVIDED,STRAIGHT AND LEVEL,WET,NO DEFECTS,NO INJURY / DRIVE AWAY,Y,"OVER $1,500",FAILING TO YIELD RIGHT-OF-WAY,2,NO INDICATION OF INJURY,0.0,0.0,0.0,0.0,0.0,2.0,8,2,1
02/14/2022 10:57:00 AM,NO CONTROLS,CLEAR,DAYLIGHT,ANGLE,NOT DIVIDED,STRAIGHT AND LEVEL,DRY,NO DEFECTS,NO INJURY / DRIVE AWAY,Y,"OVER $1,500",UNABLE TO DETERMINE,2,NO INDICATION OF INJURY,0.0,0.0,0.0,0.0,0.0,2.0,10,2,2
10/05/2017 05:49:00 PM,TRAFFIC SIGNAL,CLEAR,DUSK,TURNING,OTHER,STRAIGHT AND LEVEL,DRY,NO DEFECTS,NO INJURY / DRIVE AWAY,Y,"$501 - $1,500",UNABLE TO DETERMINE,2,NO INDICATION OF INJURY,0.0,0.0,0.0,0.0,0.0,7.0,17,5,10
11/02/2021 07:20:00 AM,NO CONTROLS,CLEAR,DAYLIGHT,ANGLE,ALLEY,STRAIGHT AND LEVEL,DRY,NO DEFECTS,NO INJURY / DRIVE AWAY,Y,"$501 - $1,500",UNABLE TO DETERMINE,2,NO INDICATION OF INJURY,0.0,0.0,0.0,0.0,0.0,2.0,7,3,11
07/09/2024 04:44:00 PM,STOP SIGN/FLASHER,RAIN,DAYLIGHT,TURNING,NOT DIVIDED,STRAIGHT AND LEVEL,WET,UNKNOWN,NO INJURY / DRIVE AWAY,Y,"OVER $1,500",UNABLE TO DETERMINE,2,NO INDICATION OF INJURY,0.0,0.0,0.0,0.0,0.0,2.0,16,3,7
01/13/2023 09:40:00 PM,STOP SIGN/FLASHER,CLEAR,"DARKNESS, LIGHTED ROAD",ANGLE,NOT DIVIDED,STRAIGHT AND LEVEL,DRY,UNKNOWN,NO INJURY / DRIVE AWAY,Y,"OVER $1,500",UNABLE TO DETERMINE,3,NO INDICATION OF INJURY,0.0,0.0,0.0,0.0,0.0,3.0,21,6,1
08/29/2019 07:27:00 AM,STOP SIGN/FLASHER,CLEAR,DAYLIGHT,ANGLE,ONE-WAY,STRAIGHT AND LEVEL,DRY,NO DEFECTS,NO INJURY / DRIVE AWAY,Y,"OVER $1,500",DISREGARDING STOP SIGN,2,NO INDICATION OF INJURY,0.0,0.0,0.0,0.0,0.0,2.0,7,5,8
11/14/2016 02:30:00 PM,UNKNOWN,CLEAR,DAYLIGHT,FIXED OBJECT,NOT DIVIDED,STRAIGHT AND LEVEL,DRY,UNKNOWN,NO INJURY / DRIVE AWAY,Y,"$501 - $1,500",UNABLE TO DETERMINE,1,NO INDICATION OF INJURY,0.0,0.0,0.0,0.0,0.0,1.0,14,2,11
05/19/2018 01:05:00 PM,STOP SIGN/FLASHER,CLEAR,DAYLIGHT,ANGLE,OTHER,STRAIGHT AND LEVEL,DRY,NO DEFECTS,NO INJURY / DRIVE AWAY,Y,"OVER $1,500",UNABLE TO DETERMINE,2,NO INDICATION OF INJURY,0.0,0.0,0.0,0.0,0.0,2.0,13,7,5
04/20/2016 08:30:00 PM,STOP SIGN/FLASHER,RAIN,DAYLIGHT,ANGLE,NOT DIVIDED,STRAIGHT AND LEVEL,WET,NO DEFECTS,NO INJURY / DRIVE AWAY,Y,$500 OR LESS,FAILING TO YIELD RIGHT-OF-WAY,2,NO INDICATION OF INJURY,0.0,0.0,0.0,0.0,0.0,3.0,20,4,4
08/03/2020 08:55:00 AM,NO CONTROLS,CLEAR,DAYLIGHT,ANGLE,FOUR WAY,STRAIGHT AND LEVEL,DRY,NO DEFECTS,INJURY AND / OR TOW DUE TO CRASH,Y,"OVER $1,500",UNABLE TO DETERMINE,3,NO INDICATION OF INJURY,0.0,0.0,0.0,0.0,0.0,2.0,8,2,8
09/16/2018 02:00:00 PM,UNKNOWN,CLEAR,DAYLIGHT,TURNING,NOT DIVIDED,STRAIGHT AND LEVEL,UNKNOWN,UNKNOWN,NO INJURY / DRIVE AWAY,Y,$500 OR LESS,UNABLE TO DETERMINE,2,NO INDICATION OF INJURY,0.0,0.0,0.0,0.0,0.0,4.0,14,1,9
02/03/2024 01:35:00 PM,TRAFFIC SIGNAL,CLEAR,DAYLIGHT,TURNING,NOT DIVIDED,STRAIGHT AND LEVEL,DRY,NO DEFECTS,NO INJURY / DRIVE AWAY,Y,"OVER $1,500",IMPROPER LANE USAGE,2,NO INDICATION OF INJURY,0.0,0.0,0.0,0.0,0.0,3.0,13,7,2
06/27/2020 06:46:00 PM,TRAFFIC SIGNAL,CLEAR,DUSK,TURNING,FOUR WAY,STRAIGHT AND LEVEL,DRY,NO DEFECTS,NO INJURY / DRIVE AWAY,Y,"$501 - $1,500",DISREGARDING TRAFFIC SIGNALS,2,NO INDICATION OF INJURY,0.0,0.0,0.0,0.0,0.0,2.0,18,7,6
12/18/2017 10:00:00 AM,TRAFFIC SIGNAL,RAIN,DAYLIGHT,REAR END,NOT DIVIDED,STRAIGHT AND LEVEL,WET,NO DEFECTS,NO INJURY / DRIVE AWAY,Y,"OVER $1,500",FOLLOWING TOO CLOSELY,2,NO INDICATION OF INJURY,0.0,0.0,0.0,0.0,0.0,2.0,10,2,12
04/25/2023 07:33:00 AM,NO CONTROLS,RAIN,DAYLIGHT,TURNING,NOT DIVIDED,STRAIGHT AND LEVEL,WET,NO DEFECTS,NO INJURY / DRIVE AWAY,Y,"$501 - $1,500",IMPROPER TURNING/NO SIGNAL,2,NO INDICATION OF INJURY,0.0,0.0,0.0,0.0,0.0,2.0,7,3,4
03/08/2024 12:25:00 PM,STOP SIGN/FLASHER,RAIN,DAYLIGHT,TURNING,NOT DIVIDED,STRAIGHT AND LEVEL,WET,NO DEFECTS,NO INJURY / DRIVE AWAY,Y,"OVER $1,500",WEATHER,2,NO INDICATION OF INJURY,0.0,0.0,0.0,0.0,0.0,2.0,12,6,3
08/20/2022 06:20:00 PM,TRAFFIC SIGNAL,CLEAR,DAYLIGHT,REAR END,FOUR WAY,STRAIGHT AND LEVEL,WET,NO DEFECTS,NO INJURY / DRIVE AWAY,Y,"OVER $1,500",UNABLE TO DETERMINE,2,NO INDICATION OF INJURY,0.0,0.0,0.0,0.0,0.0,3.0,18,7,8
01/23/2020 10:29:00 AM,TRAFFIC SIGNAL,SNOW,DAYLIGHT,REAR END,NOT DIVIDED,STRAIGHT AND LEVEL,WET,NO DEFECTS,NO INJURY / DRIVE AWAY,Y,$500 OR LESS,WEATHER,2,NO INDICATION OF INJURY,0.0,0.0,0.0,0.0,0.0,3.0,10,5,1
04/10/2021 01:45:00 PM,OTHER,RAIN,DAYLIGHT,REAR END,NOT DIVIDED,STRAIGHT AND LEVEL,WET,NO DEFECTS,INJURY AND / OR TOW DUE TO CRASH,Y,"OVER $1,500",UNABLE TO DETERMINE,2,"REPORTED, NOT EVIDENT",1.0,0.0,0.0,0.0,1.0,1.0,13,7,4
02/25/2020 05:30:00 PM,TRAFFIC SIGNAL,SNOW,DUSK,TURNING,FOUR WAY,STRAIGHT AND LEVEL,WET,NO DEFECTS,NO INJURY / DRIVE AWAY,Y,"OVER $1,500",UNABLE TO DETERMINE,2,NO INDICATION OF INJURY,0.0,0.0,0.0,0.0,0.0,3.0,17,3,2
08/21/2024 05:25:00 PM,STOP SIGN/FLASHER,CLEAR,DAYLIGHT,ANGLE,FOUR WAY,STRAIGHT AND LEVEL,DRY,NO DEFECTS,INJURY AND / OR TOW DUE TO CRASH,Y,"OVER $1,500",UNABLE TO DETERMINE,2,NO INDICATION OF INJURY,0.0,0.0,0.0,0.0,0.0,9.0,17,4,8
05/22/2023 06:30:00 PM,YIELD,CLEAR,DAYLIGHT,PEDESTRIAN,ALLEY,STRAIGHT AND LEVEL,DRY,UNKNOWN,INJURY AND / OR TOW DUE TO CRASH,N,$500 OR LESS,UNABLE TO DETERMINE,2,"REPORTED, NOT EVIDENT",1.0,0.0,0.0,0.0,1.0,1.0,18,2,5
07/02/2024 01:14:00 PM,NO CONTROLS,RAIN,DAYLIGHT,FIXED OBJECT,FOUR WAY,STRAIGHT AND LEVEL,WET,NO DEFECTS,INJURY AND / OR TOW DUE TO CRASH,Y,"OVER $1,500",WEATHER,1,NO INDICATION OF INJURY,0.0,0.0,0.0,0.0,0.0,1.0,13,3,7
07/11/2021 02:05:00 PM,OTHER,RAIN,DAYLIGHT,TURNING,T-INTERSECTION,STRAIGHT AND LEVEL,WET,NO DEFECTS,NO INJURY / DRIVE AWAY,Y,"OVER $1,500",UNABLE TO DETERMINE,2,NO INDICATION OF INJURY,0.0,0.0,0.0,0.0,0.0,2.0,14,1,7