crash_date,traffic_control_device,weather_condition,lighting_condition,first_crash_type,trafficway_type,alignment,roadway_surface_cond,road_defect,crash_type,intersection_related_i,damage,prim_contributory_cause,num_units,most_severe_injury,injuries_total,injuries_fatal,injuries_incapacitating,injuries_non_incapacitating,injuries_reported_not_evident,injuries_no_indication,crash_hour,crash_day_of_week,crash_month
02/23/2018 08:30:00 AM,TRAFFIC SIGNAL,RAIN,DAYLIGHT,TURNING,NOT DIVIDED,STRAIGHT AND LEVEL,WET,UNKNOWN,NO INJURY / DRIVE AWAY,Y,"$501 - $1,500",DISREGARDING TRAFFIC SIGNALS,2,NO INDICATION OF INJURY,0.0,0.0,0.0,0.0,0.0,3.0,8,6,2
05/28/2023 02:34:00 AM,STOP SIGN/FLASHER,CLEAR,"DARKNESS, LIGHTED ROAD",TURNING,T-INTERSECTION,STRAIGHT AND LEVEL,DRY,NO DEFECTS,INJURY AND / OR TOW DUE TO CRASH,Y,"OVER $1,500",UNABLE TO DETERMINE,2,NO INDICATION OF INJURY,0.0,0.0,0.0,0.0,0.0,2.0,2,1,5
07/19/2020 03:00:00 AM,NO CONTROLS,CLEAR,"DARKNESS, LIGHTED ROAD",PEDESTRIAN,NOT DIVIDED,STRAIGHT AND LEVEL,DRY,NO DEFECTS,NO INJURY / DRIVE AWAY,Y,"$501 - $1,500",UNABLE TO DETERMINE,2,NO INDICATION OF INJURY,0.0,0.0,0.0,0.0,0.0,2.0,3,1,7
07/06/2022 03:00:00 PM,TRAFFIC SIGNAL,CLEAR,DAYLIGHT,REAR END,NOT DIVIDED,STRAIGHT AND LEVEL,DRY,NO DEFECTS,NO INJURY / DRIVE AWAY,Y,"$501 - $1,500",FOLLOWING TOO CLOSELY,2,NO INDICATION OF INJURY,0.0,0.0,0.0,0.0,0.0,2.0,15,4,7
02/21/2020 11:38:00 AM,TRAFFIC SIGNAL,CLEAR,DAYLIGHT,ANGLE,FOUR WAY,STRAIGHT AND LEVEL,DRY,NO DEFECTS,INJURY AND / OR TOW DUE TO CRASH,Y,"OVER $1,500",UNABLE TO DETERMINE,2,NONINCAPACITATING INJURY,1.0,0.0,0.0,1.0,0.0,3.0,11,6,2
10/26/2015 08:00:00 AM,TRAFFIC SIGNAL,CLEAR,DAYLIGHT,REAR END,DIVIDED - W/MEDIAN (NOT RAISED),STRAIGHT AND LEVEL,DRY,NO DEFECTS,NO INJURY / DRIVE AWAY,Y,"$501 - $1,500",UNABLE TO DETERMINE,2,NO INDICATION OF INJURY,0.0,0.0,0.0,0.0,0.0,2.0,8,2,10
01/09/2018 06:50:00 PM,TRAFFIC SIGNAL,CLEAR,"DARKNESS, LIGHTED ROAD",ANGLE,DIVIDED - W/MEDIAN (NOT RAISED),STRAIGHT AND LEVEL,DRY,NO DEFECTS,INJURY AND / OR TOW DUE TO CRASH,Y,"OVER $1,500",DISREGARDING TRAFFIC SIGNALS,2,NONINCAPACITATING INJURY,2.0,0.0,0.0,2.0,0.0,1.0,18,3,1
04/11/2024 04:01:00 PM,TRAFFIC SIGNAL,CLEAR,DAYLIGHT,TURNING,ONE-WAY,STRAIGHT AND LEVEL,DRY,NO DEFECTS,INJURY AND / OR TOW DUE TO CRASH,N,"OVER $1,500",IMPROPER LANE USAGE,2,NO INDICATION OF INJURY,0.0,0.0,0.0,0.0,0.0,4.0,16,5,4
02/20/2022 03:40:00 PM,TRAFFIC SIGNAL,CLEAR,DAYLIGHT,ANGLE,FOUR WAY,STRAIGHT AND LEVEL,DRY,NO DEFECTS,INJURY AND / OR TOW DUE TO CRASH,Y,"$501 - $1,500",DISREGARDING TRAFFIC SIGNALS,2,NO INDICATION OF INJURY,0.0,0.0,0.0,0.0,0.0,2.0,15,1,2
05/22/2024 05:15:00 PM,TRAFFIC SIGNAL,CLEAR,DAYLIGHT,TURNING,FOUR WAY,STRAIGHT AND LEVEL,DRY,NO DEFECTS,INJURY AND / OR TOW DUE TO CRASH,Y,"OVER $1,500",IMPROPER TURNING/NO SIGNAL,2,NO INDICATION OF INJURY,0.0,0.0,0.0,0.0,0.0,2.0,17,4,5
03/31/2023 05:30:00 PM,NO CONTROLS,RAIN,DAYLIGHT,TURNING,FOUR WAY,STRAIGHT AND LEVEL,WET,NO DEFECTS,NO INJURY / DRIVE AWAY,Y,"OVER $1,500",IMPROPER OVERTAKING/PASSING,2,NO INDICATION OF INJURY,0.0,0.0,0.0,0.0,0.0,2.0,17,6,3
12/17/2022 09:20:00 AM,STOP SIGN/FLASHER,CLEAR,DAYLIGHT,ANGLE,T-INTERSECTION,STRAIGHT AND LEVEL,DRY,NO DEFECTS,INJURY AND / OR TOW DUE TO CRASH,Y,"OVER $1,500",UNABLE TO DETERMINE,2,NO INDICATION OF INJURY,0.0,0.0,0.0,0.0,0.0,2.0,9,7,12
11/16/2021 02:45:00 AM,STOP SIGN/FLASHER,CLEAR,"DARKNESS, LIGHTED ROAD",ANGLE,NOT DIVIDED,STRAIGHT AND LEVEL,DRY,NO DEFECTS,NO INJURY / DRIVE AWAY,Y,"OVER $1,500",FAILING TO YIELD RIGHT-OF-WAY,2,NO INDICATION OF INJURY,0.0,0.0,0.0,0.0,0.0,2.0,2,3,11
05/12/2018 10:47:00 AM,TRAFFIC SIGNAL,CLOUDY/OVERCAST,DAYLIGHT,ANGLE,NOT DIVIDED,STRAIGHT AND LEVEL,WET,NO DEFECTS,INJURY AND / OR TOW DUE TO CRASH,Y,"OVER $1,500",FAILING TO YIELD RIGHT-OF-WAY,3,NONINCAPACITATING INJURY,2.0,0.0,0.0,2.0,0.0,2.0,10,7,5
09/04/2022 05:56:00 PM,STOP SIGN/FLASHER,CLOUDY/OVERCAST,DAYLIGHT,OTHER OBJECT,"FIVE POINT, OR MORE",STRAIGHT AND LEVEL,UNKNOWN,UNKNOWN,INJURY AND / OR TOW DUE TO CRASH,Y,"$501 - $1,500",IMPROPER TURNING/NO SIGNAL,1,NO INDICATION OF INJURY,0.0,0.0,0.0,0.0,0.0,1.0,17,1,9
08/04/2019 10:00:00 AM,TRAFFIC SIGNAL,CLEAR,DAYLIGHT,REAR END,DIVIDED - W/MEDIAN BARRIER,STRAIGHT AND LEVEL,DRY,NO DEFECTS,NO INJURY / DRIVE AWAY,Y,"OVER $1,500",FOLLOWING TOO CLOSELY,2,NO INDICATION OF INJURY,0.0,0.0,0.0,0.0,0.0,2.0,10,1,8
06/28/2017 02:18:00 PM,TRAFFIC SIGNAL,CLEAR,DAYLIGHT,SIDESWIPE SAME DIRECTION,DIVIDED - W/MEDIAN (NOT RAISED),STRAIGHT AND LEVEL,DRY,NO DEFECTS,NO INJURY / DRIVE AWAY,Y,$500 OR LESS,IMPROPER LANE USAGE,2,NO INDICATION OF INJURY,0.0,0.0,0.0,0.0,0.0,2.0,14,4,6
12/22/2021 07:38:00 PM,NO CONTROLS,CLEAR,DARKNESS,SIDESWIPE SAME DIRECTION,ONE-WAY,STRAIGHT AND LEVEL,DRY,NO DEFECTS,INJURY AND / OR TOW DUE TO CRASH,Y,"OVER $1,500",EQUIPMENT - VEHICLE CONDITION,2,NONINCAPACITATING INJURY,1.0,0.0,0.0,1.0,0.0,2.0,19,4,12
05/31/2017 02:57:00 PM,STOP SIGN/FLASHER,CLEAR,DAYLIGHT,ANGLE,DIVIDED - W/MEDIAN (NOT RAISED),STRAIGHT AND LEVEL,DRY,NO DEFECTS,INJURY AND / OR TOW DUE TO CRASH,Y,"OVER $1,500",DISREGARDING STOP SIGN,3,"REPORTED, NOT EVIDENT",1.0,0.0,0.0,0.0,1.0,2.0,14,4,5
01/17/2019 06:03:00 PM,TRAFFIC SIGNAL,CLOUDY/OVERCAST,"DARKNESS, LIGHTED ROAD",REAR END,ONE-WAY,STRAIGHT AND LEVEL,DRY,NO DEFECTS,NO INJURY / DRIVE AWAY,Y,"$501 - $1,500",FOLLOWING TOO CLOSELY,2,NO INDICATION OF INJURY,0.0,0.0,0.0,0.0,0.0,2.0,18,5,1
06/10/2024 10:00:00 AM,STOP SIGN/FLASHER,CLEAR,DAYLIGHT,ANGLE,FOUR WAY,STRAIGHT AND LEVEL,DRY,NO DEFECTS,INJURY AND / OR TOW DUE TO CRASH,Y,"OVER $1,500",DISREGARDING STOP SIGN,2,NO INDICATION OF INJURY,0.0,0.0,0.0,0.0,0.0,3.0,10,2,6
07/28/2021 11:30:00 AM,NO CONTROLS,CLEAR,DAYLIGHT,SIDESWIPE SAME DIRECTION,NOT DIVIDED,STRAIGHT AND LEVEL,DRY,NO DEFECTS,INJURY AND / OR TOW DUE TO CRASH,N,"OVER $1,500",IMPROPER OVERTAKING/PASSING,2,NO INDICATION OF INJURY,0.0,0.0,0.0,0.0,0.0,4.0,11,4,7
07/25/2022 03:55:00 PM,TRAFFIC SIGNAL,CLEAR,DAYLIGHT,SIDESWIPE SAME DIRECTION,NOT DIVIDED,STRAIGHT AND LEVEL,DRY,UNKNOWN,NO INJURY / DRIVE AWAY,Y,"OVER $1,500",FAILING TO YIELD RIGHT-OF-WAY,2,NO INDICATION OF INJURY,0.0,0.0,0.0,0.0,0.0,2.0,15,2,7
04/30/2019 08:07:00 PM,STOP SIGN/FLASHER,RAIN,"DARKNESS, LIGHTED ROAD",ANGLE,FOUR WAY,STRAIGHT AND LEVEL,WET,UNKNOWN,NO INJURY / DRIVE AWAY,Y,"OVER $1,500",UNABLE TO DETERMINE,2,NO INDICATION OF INJURY,0.0,0.0,0.0,0.0,0.0,2.0,20,3,4
01/02/2018 09:15:00 AM,TRAFFIC SIGNAL,CLEAR,DAYLIGHT,REAR END,OTHER,STRAIGHT AND LEVEL,OTHER,NO DEFECTS,NO INJURY / DRIVE AWAY,Y,"OVER $1,500",FOLLOWING TOO CLOSELY,2,NO INDICATION OF INJURY,0.0,0.0,0.0,0.0,0.0,2.0,9,3,1
05/29/2019 04:45:00 PM,STOP SIGN/FLASHER,CLEAR,DAYLIGHT,ANGLE,T-INTERSECTION,STRAIGHT AND LEVEL,DRY,UNKNOWN,INJURY AND / OR TOW DUE TO CRASH,Y,"OVER $1,500",FAILING TO YIELD RIGHT-OF-WAY,2,NO INDICATION OF INJURY,0.0,0.0,0.0,0.0,0.0,2.0,16,4,5
09/14/2018 11:07:00 PM,TRAFFIC SIGNAL,CLEAR,"DARKNESS, LIGHTED ROAD",ANGLE,NOT DIVIDED,STRAIGHT AND LEVEL,DRY,NO DEFECTS,INJURY AND / OR TOW DUE TO CRASH,Y,"OVER $1,500",DISREGARDING TRAFFIC SIGNALS,2,NONINCAPACITATING INJURY,1.0,0.0,0.0,1.0,0.0,2.0,23,6,9
05/31/2018 09:45:00 PM,STOP SIGN/FLASHER,CLEAR,"DARKNESS, LIGHTED ROAD",REAR END,OTHER,STRAIGHT ON GRADE,DRY,NO DEFECTS,NO INJURY / DRIVE AWAY,Y,"$501 - $1,500",FOLLOWING TOO CLOSELY,2,NO INDICATION OF INJURY,0.0,0.0,0.0,0.0,0.0,2.0,21,5,5
10/26/2023 10:46:00 AM,NO CONTROLS,CLEAR,DAYLIGHT,REAR END,FOUR WAY,STRAIGHT AND LEVEL,DRY,NO DEFECTS,INJURY AND / OR TOW DUE TO CRASH,Y,"OVER $1,500",FAILING TO REDUCE SPEED TO AVOID CRASH,2,INCAPACITATING INJURY,1.0,0.0,1.0,0.0,0.0,1.0,10,5,10
05/15/2023 04:54:00 PM,STOP SIGN/FLASHER,CLEAR,DAYLIGHT,TURNING,FOUR WAY,STRAIGHT AND LEVEL,DRY,NO DEFECTS,INJURY AND / OR TOW DUE TO CRASH,Y,"OVER $1,500",UNABLE TO DETERMINE,2,NO INDICATION OF INJURY,0.0,0.0,0.0,0.0,0.0,2.0,16,2,5
09/13/2017 11:30:00 AM,TRAFFIC SIGNAL,CLEAR,DAYLIGHT,TURNING,DIVIDED - W/MEDIAN (NOT RAISED),STRAIGHT AND LEVEL,DRY,NO DEFECTS,INJURY AND / OR TOW DUE TO CRASH,Y,"OVER $1,500",DRIVING ON WRONG SIDE/WRONG WAY,2,NONINCAPACITATING INJURY,1.0,0.0,0.0,1.0,0.0,1.0,11,4,9
06/15/2021 09:30:00 AM,STOP SIGN/FLASHER,CLEAR,DAYLIGHT,REAR END,FOUR WAY,STRAIGHT AND LEVEL,DRY,NO DEFECTS,NO INJURY / DRIVE AWAY,Y,"$501 - $1,500",FOLLOWING TOO CLOSELY,2,NO INDICATION OF INJURY,0.0,0.0,0.0,0.0,0.0,2.0,9,3,6
06/08/2022 05:26:00 PM,TRAFFIC SIGNAL,CLEAR,DAYLIGHT,ANGLE,DIVIDED - W/MEDIAN BARRIER,STRAIGHT AND LEVEL,DRY,NO DEFECTS,INJURY AND / OR TOW DUE TO CRASH,Y,"OVER $1,500",DISREGARDING TRAFFIC SIGNALS,2,NO INDICATION OF INJURY,0.0,0.0,0.0,0.0,0.0,4.0,17,4,6
01/17/2019 07:00:00 AM,STOP SIGN/FLASHER,CLOUDY/OVERCAST,DAYLIGHT,REAR END,NOT DIVIDED,STRAIGHT AND LEVEL,DRY,NO DEFECTS,NO INJURY / DRIVE AWAY,Y,$500 OR LESS,FOLLOWING TOO CLOSELY,2,NO INDICATION OF INJURY,0.0,0.0,0.0,0.0,0.0,2.0,7,5,1
03/05/2024 08:00:00 PM,TRAFFIC SIGNAL,UNKNOWN,DARKNESS,REAR END,FOUR WAY,STRAIGHT AND LEVEL,UNKNOWN,UNKNOWN,NO INJURY / DRIVE AWAY,N,"OVER $1,500","DISTRACTION - OTHER ELECTRONIC DEVICE (NAVIGATION DEVICE, DVD PLAYER, ETC.)",2,NO INDICATION OF INJURY,0.0,0.0,0.0,0.0,0.0,7.0,20,3,3
07/03/2020 02:50:00 PM,TRAFFIC SIGNAL,CLEAR,DAYLIGHT,REAR END,DIVIDED - W/MEDIAN (NOT RAISED),STRAIGHT AND LEVEL,DRY,NO DEFECTS,NO INJURY / DRIVE AWAY,Y,"$501 - $1,500",FAILING TO REDUCE SPEED TO AVOID CRASH,2,NO INDICATION OF INJURY,0.0,0.0,0.0,0.0,0.0,3.0,14,6,7
06/14/2018 09:10:00 AM,NO CONTROLS,CLEAR,DAYLIGHT,FIXED OBJECT,DIVIDED - W/MEDIAN BARRIER,STRAIGHT AND LEVEL,DRY,OTHER,INJURY AND / OR TOW DUE TO CRASH,Y,"OVER $1,500",ROAD ENGINEERING/SURFACE/MARKING DEFECTS,2,NO INDICATION OF INJURY,0.0,0.0,0.0,0.0,0.0,1.0,9,5,6
03/28/2017 08:45:00 PM,TRAFFIC SIGNAL,CLEAR,"DARKNESS, LIGHTED ROAD",TURNING,DIVIDED - W/MEDIAN (NOT RAISED),STRAIGHT AND LEVEL,DRY,NO DEFECTS,NO INJURY / DRIVE AWAY,Y,"OVER $1,500",UNABLE TO DETERMINE,2,NO INDICATION OF INJURY,0.0,0.0,0.0,0.0,0.0,2.0,20,3,3
06/01/2018 01:55:00 PM,TRAFFIC SIGNAL,CLEAR,DAYLIGHT,SIDESWIPE SAME DIRECTION,NOT DIVIDED,STRAIGHT AND LEVEL,DRY,NO DEFECTS,INJURY AND / OR TOW DUE TO CRASH,Y,"OVER $1,500",IMPROPER LANE USAGE,2,NONINCAPACITATING INJURY,1.0,0.0,0.0,1.0,0.0,3.0,13,6,6
04/25/2024 07:41:00 PM,NO CONTROLS,CLEAR,DUSK,TURNING,DRIVEWAY,STRAIGHT AND LEVEL,UNKNOWN,UNKNOWN,INJURY AND / OR TOW DUE TO CRASH,N,"OVER $1,500",FAILING TO YIELD RIGHT-OF-WAY,2,NONINCAPACITATING INJURY,1.0,0.0,0.0,1.0,0.0,1.0,19,5,4
11/09/2023 02:25:00 PM,STOP SIGN/FLASHER,CLEAR,UNKNOWN,ANGLE,T-INTERSECTION,STRAIGHT AND LEVEL,DRY,UNKNOWN,INJURY AND / OR TOW DUE TO CRASH,Y,"OVER $1,500",DISREGARDING STOP SIGN,2,NONINCAPACITATING INJURY,3.0,0.0,0.0,2.0,1.0,0.0,14,5,11
03/05/2017 07:30:00 PM,TRAFFIC SIGNAL,CLEAR,"DARKNESS, LIGHTED ROAD",TURNING,NOT DIVIDED,STRAIGHT AND LEVEL,DRY,UNKNOWN,INJURY AND / OR TOW DUE TO CRASH,Y,"OVER $1,500",DISREGARDING TRAFFIC SIGNALS,2,NO INDICATION OF INJURY,0.0,0.0,0.0,0.0,0.0,2.0,19,1,3
01/10/2020 05:40:00 PM,TRAFFIC SIGNAL,RAIN,"DARKNESS, LIGHTED ROAD",REAR END,NOT DIVIDED,STRAIGHT AND LEVEL,WET,NO DEFECTS,NO INJURY / DRIVE AWAY,Y,"OVER $1,500",FOLLOWING TOO CLOSELY,2,NO INDICATION OF INJURY,0.0,0.0,0.0,0.0,0.0,2.0,17,6,1
07/21/2017 02:40:00 PM,TRAFFIC SIGNAL,CLEAR,DAYLIGHT,REAR END,NOT DIVIDED,STRAIGHT AND LEVEL,DRY,"RUT, HOLES",INJURY AND / OR TOW DUE TO CRASH,Y,"$501 - $1,500",FAILING TO REDUCE SPEED TO AVOID CRASH,2,"REPORTED, NOT EVIDENT",1.0,0.0,0.0,0.0,1.0,1.0,14,6,7
01/17/2023 04:00:00 PM,TRAFFIC SIGNAL,CLEAR,DAYLIGHT,ANGLE,T-INTERSECTION,STRAIGHT AND LEVEL,DRY,NO DEFECTS,NO INJURY / DRIVE AWAY,Y,"OVER $1,500",FAILING TO YIELD RIGHT-OF-WAY,2,NO INDICATION OF INJURY,0.0,0.0,0.0,0.0,0.0,3.0,16,3,1
11/03/2021 07:08:00 AM,TRAFFIC SIGNAL,CLEAR,DAYLIGHT,TURNING,NOT DIVIDED,STRAIGHT AND LEVEL,DRY,NO DEFECTS,NO INJURY / DRIVE AWAY,N,"OVER $1,500",IMPROPER TURNING/NO SIGNAL,2,NO INDICATION OF INJURY,0.0,0.0,0.0,0.0,0.0,2.0,7,4,11
12/05/2021 08:48:00 PM,STOP SIGN/FLASHER,RAIN,DARKNESS,ANGLE,FOUR WAY,STRAIGHT AND LEVEL,WET,NO DEFECTS,NO INJURY / DRIVE AWAY,Y,"OVER $1,500",FAILING TO YIELD RIGHT-OF-WAY,2,NO INDICATION OF INJURY,0.0,0.0,0.0,0.0,0.0,2.0,20,1,12
04/05/2024 03:20:00 PM,TRAFFIC SIGNAL,CLEAR,DAYLIGHT,SIDESWIPE SAME DIRECTION,FOUR WAY,STRAIGHT AND LEVEL,DRY,NO DEFECTS,NO INJURY / DRIVE AWAY,Y,"OVER $1,500",FAILING TO YIELD RIGHT-OF-WAY,2,NO INDICATION OF INJURY,0.0,0.0,0.0,0.0,0.0,2.0,15,6,4
11/21/2022 04:30:00 PM,TRAFFIC SIGNAL,CLEAR,DAYLIGHT,ANGLE,NOT DIVIDED,STRAIGHT AND LEVEL,DRY,NO DEFECTS,NO INJURY / DRIVE AWAY,Y,"OVER $1,500",UNABLE TO DETERMINE,2,NO INDICATION OF INJURY,0.0,0.0,0.0,0.0,0.0,2.0,16,2,11
05/04/2018 09:12:00 AM,NO CONTROLS,CLOUDY/OVERCAST,DAYLIGHT,REAR END,DIVIDED - W/MEDIAN (NOT RAISED),STRAIGHT AND LEVEL,DRY,NO DEFECTS,NO INJURY / DRIVE AWAY,Y,"OVER $1,500",FAILING TO REDUCE SPEED TO AVOID CRASH,2,NO INDICATION OF INJURY,0.0,0.0,0.0,0.0,0.0,2.0,9,6,5
03/04/2023 04:31:00 PM,TRAFFIC SIGNAL,RAIN,DUSK,REAR END,DIVIDED - W/MEDIAN BARRIER,STRAIGHT AND LEVEL,WET,UNKNOWN,NO INJURY / DRIVE AWAY,Y,$500 OR LESS,UNABLE TO DETERMINE,2,NO INDICATION OF INJURY,0.0,0.0,0.0,0.0,0.0,2.0,16,7,3
07/23/2024 12:30:00 PM,TRAFFIC SIGNAL,CLEAR,DAYLIGHT,TURNING,FOUR WAY,STRAIGHT AND LEVEL,DRY,NO DEFECTS,NO INJURY / DRIVE AWAY,Y,"$501 - $1,500",FAILING TO REDUCE SPEED TO AVOID CRASH,2,NO INDICATION OF INJURY,0.0,0.0,0.0,0.0,0.0,2.0,12,3,7
10/22/2021 06:26:00 AM,STOP SIGN/FLASHER,CLEAR,DAYLIGHT,ANGLE,T-INTERSECTION,STRAIGHT AND LEVEL,DRY,NO DEFECTS,NO INJURY / DRIVE AWAY,Y,"OVER $1,500",FAILING TO YIELD RIGHT-OF-WAY,2,NO INDICATION OF INJURY,0.0,0.0,0.0,0.0,0.0,2.0,6,6,10
12/10/2020 10:45:00 AM,TRAFFIC SIGNAL,CLEAR,DAYLIGHT,SIDESWIPE SAME DIRECTION,DIVIDED - W/MEDIAN BARRIER,STRAIGHT AND LEVEL,DRY,NO DEFECTS,INJURY AND / OR TOW DUE TO CRASH,Y,"OVER $1,500",IMPROPER LANE USAGE,2,NO INDICATION OF INJURY,0.0,0.0,0.0,0.0,0.0,3.0,10,5,12
04/11/2023 06:17:00 PM,TRAFFIC SIGNAL,CLEAR,DAYLIGHT,PEDALCYCLIST,FOUR WAY,STRAIGHT AND LEVEL,DRY,NO DEFECTS,INJURY AND / OR TOW DUE TO CRASH,Y,"$501 - $1,500",UNABLE TO DETERMINE,2,NONINCAPACITATING INJURY,1.0,0.0,0.0,1.0,0.0,2.0,18,3,4
01/19/2024 07:30:00 AM,UNKNOWN,UNKNOWN,UNKNOWN,REAR END,FOUR WAY,STRAIGHT AND LEVEL,UNKNOWN,UNKNOWN,NO INJURY / DRIVE AWAY,Y,"OVER $1,500",WEATHER,2,NO INDICATION OF INJURY,0.0,0.0,0.0,0.0,0.0,2.0,7,6,1
12/10/2017 10:32:00 AM,TRAFFIC SIGNAL,CLEAR,DAYLIGHT,REAR END,NOT DIVIDED,STRAIGHT AND LEVEL,DRY,NO DEFECTS,NO INJURY / DRIVE AWAY,Y,"$501 - $1,500",FAILING TO REDUCE SPEED TO AVOID CRASH,2,NO INDICATION OF INJURY,0.0,0.0,0.0,0.0,0.0,5.0,10,1,12
01/06/2020 03:45:00 PM,STOP SIGN/FLASHER,CLEAR,DAYLIGHT,SIDESWIPE OPPOSITE DIRECTION,NOT DIVIDED,STRAIGHT AND LEVEL,DRY,NO DEFECTS,NO INJURY / DRIVE AWAY,Y,"OVER $1,500",UNABLE TO DETERMINE,2,NO INDICATION OF INJURY,0.0,0.0,0.0,0.0,0.0,3.0,15,2,1
08/02/2019 09:45:00 PM,NO CONTROLS,CLEAR,DARKNESS,TURNING,NOT DIVIDED,STRAIGHT AND LEVEL,OTHER,NO DEFECTS,INJURY AND / OR TOW DUE TO CRASH,Y,"OVER $1,500",UNABLE TO DETERMINE,2,NONINCAPACITATING INJURY,1.0,0.0,0.0,1.0,0.0,1.0,21,6,8
11/12/2018 06:30:00 PM,NO CONTROLS,CLEAR,"DARKNESS, LIGHTED ROAD",ANGLE,NOT DIVIDED,STRAIGHT AND LEVEL,DRY,NO DEFECTS,INJURY AND / OR TOW DUE TO CRASH,Y,"OVER $1,500",EXCEEDING SAFE SPEED FOR CONDITIONS,2,NO INDICATION OF INJURY,0.0,0.0,0.0,0.0,0.0,2.0,18,2,11
02/26/2023 03:48:00 AM,STOP SIGN/FLASHER,CLEAR,"DARKNESS, LIGHTED ROAD",TURNING,ONE-WAY,STRAIGHT AND LEVEL,DRY,NO DEFECTS,INJURY AND / OR TOW DUE TO CRASH,Y,"OVER $1,500",IMPROPER TURNING/NO SIGNAL,2,NONINCAPACITATING INJURY,1.0,0.0,0.0,1.0,0.0,2.0,3,1,2
06/12/2020 06:15:00 PM,TRAFFIC SIGNAL,CLEAR,DAYLIGHT,ANGLE,FOUR WAY,STRAIGHT AND LEVEL,DRY,NO DEFECTS,INJURY AND / OR TOW DUE TO CRASH,Y,"OVER $1,500",DISREGARDING TRAFFIC SIGNALS,3,NONINCAPACITATING INJURY,1.0,0.0,0.0,1.0,0.0,3.0,18,6,6
09/17/2022 10:20:00 AM,TRAFFIC SIGNAL,CLEAR,DAYLIGHT,SIDESWIPE SAME DIRECTION,NOT DIVIDED,STRAIGHT AND LEVEL,DRY,NO DEFECTS,NO INJURY / DRIVE AWAY,Y,"OVER $1,500",IMPROPER LANE USAGE,2,NO INDICATION OF INJURY,0.0,0.0,0.0,0.0,0.0,3.0,10,7,9
10/31/2018 03:00:00 PM,STOP SIGN/FLASHER,CLEAR,DAYLIGHT,ANGLE,NOT DIVIDED,STRAIGHT AND LEVEL,DRY,NO DEFECTS,INJURY AND / OR TOW DUE TO CRASH,Y,"OVER $1,500",DISREGARDING STOP SIGN,2,NO INDICATION OF INJURY,0.0,0.0,0.0,0.0,0.0,2.0,15,4,10
09/11/2020 11:40:00 PM,TRAFFIC SIGNAL,CLEAR,"DARKNESS, LIGHTED ROAD",SIDESWIPE SAME DIRECTION,NOT DIVIDED,STRAIGHT AND LEVEL,DRY,NO DEFECTS,NO INJURY / DRIVE AWAY,Y,"OVER $1,500",IMPROPER OVERTAKING/PASSING,2,NO INDICATION OF INJURY,0.0,0.0,0.0,0.0,0.0,3.0,23,6,9
08/03/2023 06:30:00 PM,STOP SIGN/FLASHER,CLEAR,DAYLIGHT,REAR END,ONE-WAY,STRAIGHT AND LEVEL,UNKNOWN,UNKNOWN,NO INJURY / DRIVE AWAY,N,"$501 - $1,500",FAILING TO REDUCE SPEED TO AVOID CRASH,2,NO INDICATION OF INJURY,0.0,0.0,0.0,0.0,0.0,2.0,18,5,8
10/22/2020 07:30:00 PM,STOP SIGN/FLASHER,CLEAR,DAYLIGHT,PEDALCYCLIST,NOT DIVIDED,STRAIGHT AND LEVEL,DRY,NO DEFECTS,INJURY AND / OR TOW DUE TO CRASH,Y,$500 OR LESS,FAILING TO YIELD RIGHT-OF-WAY,2,NONINCAPACITATING INJURY,1.0,0.0,0.0,1.0,0.0,1.0,19,5,10
07/11/2024 01:00:00 PM,TRAFFIC SIGNAL,CLEAR,DAYLIGHT,PEDALCYCLIST,FOUR WAY,STRAIGHT AND LEVEL,DRY,UNKNOWN,INJURY AND / OR TOW DUE TO CRASH,Y,"OVER $1,500",UNABLE TO DETERMINE,2,NONINCAPACITATING INJURY,1.0,0.0,0.0,1.0,0.0,1.0,13,5,7
05/30/2023 05:30:00 PM,STOP SIGN/FLASHER,CLEAR,DAYLIGHT,REAR END,NOT DIVIDED,STRAIGHT AND LEVEL,DRY,NO DEFECTS,NO INJURY / DRIVE AWAY,Y,"$501 - $1,500",TEXTING,2,NO INDICATION OF INJURY,0.0,0.0,0.0,0.0,0.0,2.0,17,3,5
07/30/2022 10:30:00 PM,TRAFFIC SIGNAL,CLEAR,"DARKNESS, LIGHTED ROAD",REAR END,NOT DIVIDED,STRAIGHT AND LEVEL,DRY,NO DEFECTS,INJURY AND / OR TOW DUE TO CRASH,Y,$500 OR LESS,FOLLOWING TOO CLOSELY,2,"REPORTED, NOT EVIDENT",2.0,0.0,0.0,0.0,2.0,1.0,22,7,7
09/04/2017 03:15:00 PM,TRAFFIC SIGNAL,CLEAR,DAYLIGHT,TURNING,DIVIDED - W/MEDIAN BARRIER,STRAIGHT AND LEVEL,DRY,UNKNOWN,INJURY AND / OR TOW DUE TO CRASH,Y,"OVER $1,500",FAILING TO YIELD RIGHT-OF-WAY,2,NONINCAPACITATING INJURY,1.0,0.0,0.0,1.0,0.0,1.0,15,2,9
09/05/2021 05:40:00 PM,TRAFFIC SIGNAL,CLEAR,DAYLIGHT,TURNING,FOUR WAY,STRAIGHT AND LEVEL,DRY,NO DEFECTS,NO INJURY / DRIVE AWAY,Y,"OVER $1,500",UNABLE TO DETERMINE,2,NO INDICATION OF INJURY,0.0,0.0,0.0,0.0,0.0,2.0,17,1,9