crash_date,traffic_control_device,weather_condition,lighting_condition,first_crash_type,trafficway_type,alignment,roadway_surface_cond,road_defect,crash_type,intersection_related_i,damage,prim_contributory_cause,num_units,most_severe_injury,injuries_total,injuries_fatal,injuries_incapacitating,injuries_non_incapacitating,injuries_reported_not_evident,injuries_no_indication,crash_hour,crash_day_of_week,crash_month
04/17/2024 08:20:00 AM,TRAFFIC SIGNAL,CLEAR,DAYLIGHT,TURNING,FOUR WAY,STRAIGHT AND LEVEL,DRY,NO DEFECTS,INJURY AND / OR TOW DUE TO CRASH,Y,"OVER $1,500",IMPROPER TURNING/NO SIGNAL,2,NO INDICATION OF INJURY,0.0,0.0,0.0,0.0,0.0,2.0,8,4,4
06/02/2022 02:55:00 PM,TRAFFIC SIGNAL,CLEAR,DAYLIGHT,PEDALCYCLIST,NOT DIVIDED,STRAIGHT AND LEVEL,DRY,NO DEFECTS,INJURY AND / OR TOW DUE TO CRASH,Y,$500 OR LESS,DRIVING ON WRONG SIDE/WRONG WAY,2,NONINCAPACITATING INJURY,1.0,0.0,0.0,1.0,0.0,1.0,14,5,6
04/24/2021 07:59:00 PM,TRAFFIC SIGNAL,CLEAR,DUSK,SIDESWIPE OPPOSITE DIRECTION,NOT DIVIDED,STRAIGHT AND LEVEL,WET,NO DEFECTS,INJURY AND / OR TOW DUE TO CRASH,Y,"OVER $1,500",UNABLE TO DETERMINE,2,NO INDICATION OF INJURY,0.0,0.0,0.0,0.0,0.0,2.0,19,7,4
06/30/2022 06:13:00 PM,TRAFFIC SIGNAL,CLEAR,DAYLIGHT,TURNING,DIVIDED - W/MEDIAN (NOT RAISED),STRAIGHT AND LEVEL,DRY,NO DEFECTS,INJURY AND / OR TOW DUE TO CRASH,Y,"OVER $1,500",FAILING TO YIELD RIGHT-OF-WAY,2,NO INDICATION OF INJURY,0.0,0.0,0.0,0.0,0.0,4.0,18,5,6
05/21/2018 01:00:00 PM,TRAFFIC SIGNAL,RAIN,DAYLIGHT,TURNING,DIVIDED - W/MEDIAN BARRIER,STRAIGHT ON HILLCREST,WET,NO DEFECTS,NO INJURY / DRIVE AWAY,Y,"OVER $1,500",IMPROPER TURNING/NO SIGNAL,2,NO INDICATION OF INJURY,0.0,0.0,0.0,0.0,0.0,2.0,13,2,5
11/18/2017 04:45:00 PM,TRAFFIC SIGNAL,CLEAR,"DARKNESS, LIGHTED ROAD",REAR END,NOT DIVIDED,STRAIGHT AND LEVEL,WET,NO DEFECTS,NO INJURY / DRIVE AWAY,Y,"$501 - $1,500",FAILING TO REDUCE SPEED TO AVOID CRASH,2,NO INDICATION OF INJURY,0.0,0.0,0.0,0.0,0.0,2.0,16,7,11
03/03/2022 02:44:00 PM,STOP SIGN/FLASHER,CLEAR,DAYLIGHT,TURNING,NOT DIVIDED,STRAIGHT AND LEVEL,DRY,NO DEFECTS,INJURY AND / OR TOW DUE TO CRASH,Y,"OVER $1,500",IMPROPER TURNING/NO SIGNAL,3,"REPORTED, NOT EVIDENT",1.0,0.0,0.0,0.0,1.0,4.0,14,5,3
10/26/2017 08:25:00 AM,NO CONTROLS,CLEAR,DAYLIGHT,TURNING,NOT DIVIDED,STRAIGHT AND LEVEL,DRY,NO DEFECTS,NO INJURY / DRIVE AWAY,Y,"OVER $1,500",IMPROPER TURNING/NO SIGNAL,2,NO INDICATION OF INJURY,0.0,0.0,0.0,0.0,0.0,2.0,8,5,10
04/13/2022 10:15:00 AM,TRAFFIC SIGNAL,RAIN,DAYLIGHT,SIDESWIPE SAME DIRECTION,NOT DIVIDED,STRAIGHT AND LEVEL,WET,NO DEFECTS,NO INJURY / DRIVE AWAY,Y,"OVER $1,500",FAILING TO YIELD RIGHT-OF-WAY,2,NO INDICATION OF INJURY,0.0,0.0,0.0,0.0,0.0,5.0,10,4,4
07/12/2020 05:30:00 PM,TRAFFIC SIGNAL,CLEAR,DAYLIGHT,SIDESWIPE SAME DIRECTION,FOUR WAY,STRAIGHT AND LEVEL,DRY,NO DEFECTS,NO INJURY / DRIVE AWAY,Y,"$501 - $1,500",UNABLE TO DETERMINE,2,NO INDICATION OF INJURY,0.0,0.0,0.0,0.0,0.0,2.0,17,1,7
08/25/2023 04:00:00 PM,UNKNOWN,CLEAR,DAYLIGHT,REAR END,DIVIDED - W/MEDIAN (NOT RAISED),STRAIGHT AND LEVEL,DRY,UNKNOWN,INJURY AND / OR TOW DUE TO CRASH,Y,"$501 - $1,500",UNABLE TO DETERMINE,2,"REPORTED, NOT EVIDENT",3.0,0.0,0.0,0.0,3.0,2.0,16,6,8
06/26/2020 12:10:00 PM,STOP SIGN/FLASHER,RAIN,DAYLIGHT,PEDESTRIAN,FOUR WAY,STRAIGHT AND LEVEL,WET,NO DEFECTS,NO INJURY / DRIVE AWAY,Y,$500 OR LESS,UNABLE TO DETERMINE,2,NO INDICATION OF INJURY,0.0,0.0,0.0,0.0,0.0,2.0,12,6,6
11/28/2018 10:59:00 PM,NO CONTROLS,SNOW,"DARKNESS, LIGHTED ROAD",FIXED OBJECT,NOT DIVIDED,STRAIGHT AND LEVEL,SNOW OR SLUSH,UNKNOWN,INJURY AND / OR TOW DUE TO CRASH,N,"OVER $1,500",WEATHER,1,"REPORTED, NOT EVIDENT",1.0,0.0,0.0,0.0,1.0,0.0,22,4,11
01/26/2020 08:30:00 AM,TRAFFIC SIGNAL,SNOW,DAYLIGHT,REAR END,FOUR WAY,STRAIGHT AND LEVEL,WET,NO DEFECTS,INJURY AND / OR TOW DUE TO CRASH,Y,"OVER $1,500",DISTRACTION - FROM INSIDE VEHICLE,2,NONINCAPACITATING INJURY,2.0,0.0,0.0,2.0,0.0,1.0,8,1,1
05/13/2024 06:15:00 AM,TRAFFIC SIGNAL,CLEAR,DAYLIGHT,TURNING,FOUR WAY,STRAIGHT AND LEVEL,DRY,NO DEFECTS,NO INJURY / DRIVE AWAY,Y,"$501 - $1,500",IMPROPER LANE USAGE,2,NO INDICATION OF INJURY,0.0,0.0,0.0,0.0,0.0,2.0,6,2,5
06/30/2021 07:46:00 AM,NO CONTROLS,CLOUDY/OVERCAST,DAYLIGHT,TURNING,NOT DIVIDED,STRAIGHT AND LEVEL,DRY,NO DEFECTS,NO INJURY / DRIVE AWAY,Y,"$501 - $1,500",UNABLE TO DETERMINE,2,NO INDICATION OF INJURY,0.0,0.0,0.0,0.0,0.0,2.0,7,4,6
09/16/2017 02:00:00 PM,TRAFFIC SIGNAL,CLEAR,DAYLIGHT,TURNING,DIVIDED - W/MEDIAN (NOT RAISED),STRAIGHT AND LEVEL,DRY,NO DEFECTS,NO INJURY / DRIVE AWAY,Y,"$501 - $1,500",UNABLE TO DETERMINE,2,NO INDICATION OF INJURY,0.0,0.0,0.0,0.0,0.0,2.0,14,7,9
04/23/2022 05:45:00 PM,TRAFFIC SIGNAL,CLEAR,DAYLIGHT,SIDESWIPE SAME DIRECTION,NOT DIVIDED,STRAIGHT AND LEVEL,DRY,NO DEFECTS,NO INJURY / DRIVE AWAY,Y,"$501 - $1,500",UNABLE TO DETERMINE,2,NO INDICATION OF INJURY,0.0,0.0,0.0,0.0,0.0,2.0,17,7,4
11/29/2016 05:30:00 PM,NO CONTROLS,CLEAR,"DARKNESS, LIGHTED ROAD",TURNING,DIVIDED - W/MEDIAN (NOT RAISED),STRAIGHT AND LEVEL,WET,NO DEFECTS,NO INJURY / DRIVE AWAY,Y,"OVER $1,500",UNABLE TO DETERMINE,2,NO INDICATION OF INJURY,0.0,0.0,0.0,0.0,0.0,2.0,17,3,11
04/16/2021 02:40:00 PM,NO CONTROLS,CLEAR,DAYLIGHT,PARKED MOTOR VEHICLE,DIVIDED - W/MEDIAN (NOT RAISED),STRAIGHT AND LEVEL,DRY,NO DEFECTS,INJURY AND / OR TOW DUE TO CRASH,Y,"OVER $1,500",UNABLE TO DETERMINE,2,NO INDICATION OF INJURY,0.0,0.0,0.0,0.0,0.0,2.0,14,6,4
07/27/2017 07:40:00 PM,TRAFFIC SIGNAL,CLEAR,DAYLIGHT,TURNING,DIVIDED - W/MEDIAN (NOT RAISED),STRAIGHT AND LEVEL,DRY,NO DEFECTS,INJURY AND / OR TOW DUE TO CRASH,Y,"OVER $1,500",FAILING TO YIELD RIGHT-OF-WAY,2,NO INDICATION OF INJURY,0.0,0.0,0.0,0.0,0.0,2.0,19,5,7
09/29/2017 07:30:00 AM,STOP SIGN/FLASHER,CLEAR,DAYLIGHT,TURNING,NOT DIVIDED,STRAIGHT AND LEVEL,DRY,NO DEFECTS,INJURY AND / OR TOW DUE TO CRASH,Y,"OVER $1,500",FAILING TO YIELD RIGHT-OF-WAY,2,NO INDICATION OF INJURY,0.0,0.0,0.0,0.0,0.0,4.0,7,6,9
12/16/2022 12:32:00 AM,TRAFFIC SIGNAL,CLEAR,"DARKNESS, LIGHTED ROAD",TURNING,T-INTERSECTION,STRAIGHT AND LEVEL,WET,NO DEFECTS,NO INJURY / DRIVE AWAY,Y,"OVER $1,500",IMPROPER TURNING/NO SIGNAL,2,NO INDICATION OF INJURY,0.0,0.0,0.0,0.0,0.0,2.0,0,6,12
06/07/2024 09:40:00 PM,TRAFFIC SIGNAL,CLEAR,"DARKNESS, LIGHTED ROAD",OTHER OBJECT,FOUR WAY,STRAIGHT AND LEVEL,DRY,NO DEFECTS,INJURY AND / OR TOW DUE TO CRASH,Y,$500 OR LESS,DISREGARDING TRAFFIC SIGNALS,2,NONINCAPACITATING INJURY,1.0,0.0,0.0,1.0,0.0,1.0,21,6,6
06/16/2024 01:20:00 PM,TRAFFIC SIGNAL,CLEAR,DAYLIGHT,REAR END,DIVIDED - W/MEDIAN (NOT RAISED),CURVE ON GRADE,DRY,NO DEFECTS,NO INJURY / DRIVE AWAY,Y,"OVER $1,500",FAILING TO REDUCE SPEED TO AVOID CRASH,2,NO INDICATION OF INJURY,0.0,0.0,0.0,0.0,0.0,2.0,13,1,6
06/22/2020 12:15:00 PM,TRAFFIC SIGNAL,CLEAR,DAYLIGHT,TURNING,T-INTERSECTION,STRAIGHT AND LEVEL,DRY,NO DEFECTS,NO INJURY / DRIVE AWAY,Y,"OVER $1,500",IMPROPER OVERTAKING/PASSING,2,NO INDICATION OF INJURY,0.0,0.0,0.0,0.0,0.0,3.0,12,2,6
05/04/2021 03:55:00 PM,OTHER,CLEAR,DAYLIGHT,TURNING,DIVIDED - W/MEDIAN BARRIER,STRAIGHT AND LEVEL,DRY,NO DEFECTS,INJURY AND / OR TOW DUE TO CRASH,Y,"OVER $1,500","VISION OBSCURED (SIGNS, TREE LIMBS, BUILDINGS, ETC.)",2,"REPORTED, NOT EVIDENT",2.0,0.0,0.0,0.0,2.0,1.0,15,3,5
01/09/2021 08:20:00 PM,TRAFFIC SIGNAL,CLEAR,DARKNESS,ANGLE,NOT DIVIDED,STRAIGHT AND LEVEL,DRY,NO DEFECTS,INJURY AND / OR TOW DUE TO CRASH,Y,"OVER $1,500",UNABLE TO DETERMINE,2,NO INDICATION OF INJURY,0.0,0.0,0.0,0.0,0.0,2.0,20,7,1
01/08/2024 02:43:00 PM,TRAFFIC SIGNAL,CLEAR,DAYLIGHT,TURNING,FOUR WAY,STRAIGHT AND LEVEL,DRY,UNKNOWN,INJURY AND / OR TOW DUE TO CRASH,Y,"OVER $1,500",FAILING TO YIELD RIGHT-OF-WAY,2,NO INDICATION OF INJURY,0.0,0.0,0.0,0.0,0.0,2.0,14,2,1
06/21/2017 05:15:00 PM,NO CONTROLS,CLEAR,DAYLIGHT,PEDALCYCLIST,NOT DIVIDED,STRAIGHT AND LEVEL,DRY,NO DEFECTS,INJURY AND / OR TOW DUE TO CRASH,Y,$500 OR LESS,UNABLE TO DETERMINE,2,NONINCAPACITATING INJURY,1.0,0.0,0.0,1.0,0.0,1.0,17,4,6
01/10/2018 07:30:00 PM,TRAFFIC SIGNAL,RAIN,"DARKNESS, LIGHTED ROAD",TURNING,NOT DIVIDED,STRAIGHT AND LEVEL,WET,NO DEFECTS,INJURY AND / OR TOW DUE TO CRASH,Y,$500 OR LESS,UNABLE TO DETERMINE,2,"REPORTED, NOT EVIDENT",2.0,0.0,0.0,0.0,2.0,6.0,19,4,1
05/25/2018 01:15:00 PM,STOP SIGN/FLASHER,CLEAR,DAYLIGHT,REAR END,NOT DIVIDED,STRAIGHT AND LEVEL,DRY,NO DEFECTS,NO INJURY / DRIVE AWAY,Y,"$501 - $1,500",UNABLE TO DETERMINE,2,NO INDICATION OF INJURY,0.0,0.0,0.0,0.0,0.0,3.0,13,6,5
09/05/2018 10:35:00 AM,TRAFFIC SIGNAL,CLEAR,DAYLIGHT,TURNING,ONE-WAY,STRAIGHT AND LEVEL,UNKNOWN,NO DEFECTS,NO INJURY / DRIVE AWAY,Y,$500 OR LESS,IMPROPER TURNING/NO SIGNAL,2,NO INDICATION OF INJURY,0.0,0.0,0.0,0.0,0.0,2.0,10,4,9
02/26/2017 01:00:00 PM,TRAFFIC SIGNAL,CLEAR,DAYLIGHT,TURNING,OTHER,STRAIGHT AND LEVEL,DRY,NO DEFECTS,NO INJURY / DRIVE AWAY,Y,"OVER $1,500",NOT APPLICABLE,2,NO INDICATION OF INJURY,0.0,0.0,0.0,0.0,0.0,2.0,13,1,2
09/02/2019 12:19:00 AM,STOP SIGN/FLASHER,CLEAR,"DARKNESS, LIGHTED ROAD",PARKED MOTOR VEHICLE,FOUR WAY,STRAIGHT AND LEVEL,DRY,NO DEFECTS,INJURY AND / OR TOW DUE TO CRASH,N,"OVER $1,500",FAILING TO REDUCE SPEED TO AVOID CRASH,3,NO INDICATION OF INJURY,0.0,0.0,0.0,0.0,0.0,6.0,0,2,9
06/24/2020 10:30:00 AM,TRAFFIC SIGNAL,CLEAR,DAYLIGHT,TURNING,FOUR WAY,STRAIGHT AND LEVEL,DRY,NO DEFECTS,NO INJURY / DRIVE AWAY,Y,"OVER $1,500",DISREGARDING TRAFFIC SIGNALS,2,NO INDICATION OF INJURY,0.0,0.0,0.0,0.0,0.0,2.0,10,4,6
09/07/2021 04:40:00 PM,NO CONTROLS,CLEAR,DAYLIGHT,SIDESWIPE SAME DIRECTION,NOT DIVIDED,STRAIGHT AND LEVEL,DRY,NO DEFECTS,INJURY AND / OR TOW DUE TO CRASH,Y,"OVER $1,500",UNABLE TO DETERMINE,2,"REPORTED, NOT EVIDENT",1.0,0.0,0.0,0.0,1.0,2.0,16,3,9
04/25/2023 04:30:00 PM,TRAFFIC SIGNAL,UNKNOWN,UNKNOWN,SIDESWIPE SAME DIRECTION,FOUR WAY,STRAIGHT AND LEVEL,UNKNOWN,UNKNOWN,NO INJURY / DRIVE AWAY,Y,"OVER $1,500",FAILING TO YIELD RIGHT-OF-WAY,2,NO INDICATION OF INJURY,0.0,0.0,0.0,0.0,0.0,2.0,16,3,4
10/13/2021 10:28:00 AM,TRAFFIC SIGNAL,CLEAR,DAYLIGHT,ANGLE,FOUR WAY,STRAIGHT AND LEVEL,DRY,NO DEFECTS,INJURY AND / OR TOW DUE TO CRASH,Y,"OVER $1,500",NOT APPLICABLE,3,NONINCAPACITATING INJURY,2.0,0.0,0.0,1.0,1.0,1.0,10,4,10
01/22/2023 03:53:00 AM,TRAFFIC SIGNAL,OTHER,"DARKNESS, LIGHTED ROAD",REAR END,NOT REPORTED,STRAIGHT AND LEVEL,DRY,NO DEFECTS,INJURY AND / OR TOW DUE TO CRASH,Y,"OVER $1,500",FAILING TO REDUCE SPEED TO AVOID CRASH,2,NONINCAPACITATING INJURY,3.0,0.0,0.0,3.0,0.0,1.0,3,1,1
03/08/2024 01:30:00 PM,TRAFFIC SIGNAL,CLEAR,DAYLIGHT,TURNING,DIVIDED - W/MEDIAN (NOT RAISED),STRAIGHT AND LEVEL,DRY,NO DEFECTS,NO INJURY / DRIVE AWAY,N,"OVER $1,500",FAILING TO YIELD RIGHT-OF-WAY,2,NO INDICATION OF INJURY,0.0,0.0,0.0,0.0,0.0,2.0,13,6,3
07/09/2019 04:44:00 PM,NO CONTROLS,CLEAR,DAYLIGHT,TURNING,NOT DIVIDED,STRAIGHT AND LEVEL,DRY,NO DEFECTS,INJURY AND / OR TOW DUE TO CRASH,Y,"$501 - $1,500",UNABLE TO DETERMINE,2,NONINCAPACITATING INJURY,1.0,0.0,0.0,1.0,0.0,1.0,16,3,7
09/10/2023 12:30:00 PM,STOP SIGN/FLASHER,CLEAR,DAYLIGHT,SIDESWIPE SAME DIRECTION,FOUR WAY,STRAIGHT AND LEVEL,UNKNOWN,UNKNOWN,NO INJURY / DRIVE AWAY,Y,"OVER $1,500",IMPROPER LANE USAGE,2,NO INDICATION OF INJURY,0.0,0.0,0.0,0.0,0.0,2.0,12,1,9
06/19/2021 03:30:00 PM,TRAFFIC SIGNAL,CLEAR,DAYLIGHT,TURNING,FOUR WAY,STRAIGHT AND LEVEL,DRY,NO DEFECTS,NO INJURY / DRIVE AWAY,Y,"OVER $1,500",FAILING TO YIELD RIGHT-OF-WAY,2,NO INDICATION OF INJURY,0.0,0.0,0.0,0.0,0.0,3.0,15,7,6
03/18/2020 09:00:00 AM,TRAFFIC SIGNAL,CLEAR,DAYLIGHT,REAR END,DIVIDED - W/MEDIAN (NOT RAISED),STRAIGHT AND LEVEL,DRY,NO DEFECTS,INJURY AND / OR TOW DUE TO CRASH,Y,"OVER $1,500",FAILING TO REDUCE SPEED TO AVOID CRASH,2,NO INDICATION OF INJURY,0.0,0.0,0.0,0.0,0.0,3.0,9,4,3
12/28/2020 04:20:00 PM,TRAFFIC SIGNAL,CLEAR,DAYLIGHT,TURNING,FOUR WAY,STRAIGHT AND LEVEL,DRY,NO DEFECTS,NO INJURY / DRIVE AWAY,Y,"OVER $1,500",FAILING TO YIELD RIGHT-OF-WAY,2,NO INDICATION OF INJURY,0.0,0.0,0.0,0.0,0.0,2.0,16,2,12
12/26/2017 06:26:00 PM,TRAFFIC SIGNAL,CLEAR,"DARKNESS, LIGHTED ROAD",TURNING,DIVIDED - W/MEDIAN (NOT RAISED),STRAIGHT AND LEVEL,DRY,NO DEFECTS,INJURY AND / OR TOW DUE TO CRASH,Y,"OVER $1,500",UNABLE TO DETERMINE,2,NO INDICATION OF INJURY,0.0,0.0,0.0,0.0,0.0,2.0,18,3,12
02/23/2022 08:20:00 AM,STOP SIGN/FLASHER,CLEAR,DAYLIGHT,PEDESTRIAN,T-INTERSECTION,STRAIGHT AND LEVEL,DRY,NO DEFECTS,INJURY AND / OR TOW DUE TO CRASH,Y,$500 OR LESS,UNABLE TO DETERMINE,2,NONINCAPACITATING INJURY,1.0,0.0,0.0,1.0,0.0,1.0,8,4,2
05/07/2022 02:25:00 AM,TRAFFIC SIGNAL,CLEAR,"DARKNESS, LIGHTED ROAD",REAR END,NOT DIVIDED,STRAIGHT AND LEVEL,UNKNOWN,DEBRIS ON ROADWAY,INJURY AND / OR TOW DUE TO CRASH,Y,"OVER $1,500",FAILING TO REDUCE SPEED TO AVOID CRASH,2,NO INDICATION OF INJURY,0.0,0.0,0.0,0.0,0.0,2.0,2,7,5
07/14/2018 11:25:00 PM,TRAFFIC SIGNAL,CLEAR,"DARKNESS, LIGHTED ROAD",REAR END,NOT DIVIDED,STRAIGHT AND LEVEL,DRY,UNKNOWN,NO INJURY / DRIVE AWAY,Y,"OVER $1,500",FOLLOWING TOO CLOSELY,2,NO INDICATION OF INJURY,0.0,0.0,0.0,0.0,0.0,3.0,23,7,7
07/02/2022 09:30:00 PM,TRAFFIC SIGNAL,CLEAR,"DARKNESS, LIGHTED ROAD",ANGLE,ONE-WAY,STRAIGHT AND LEVEL,DRY,NO DEFECTS,NO INJURY / DRIVE AWAY,Y,"OVER $1,500",UNABLE TO DETERMINE,2,NO INDICATION OF INJURY,0.0,0.0,0.0,0.0,0.0,3.0,21,7,7
05/20/2023 05:03:00 AM,STOP SIGN/FLASHER,CLEAR,DAWN,FIXED OBJECT,FOUR WAY,STRAIGHT AND LEVEL,DRY,NO DEFECTS,INJURY AND / OR TOW DUE TO CRASH,Y,"OVER $1,500",NOT APPLICABLE,1,NO INDICATION OF INJURY,0.0,0.0,0.0,0.0,0.0,1.0,5,7,5
05/28/2021 12:30:00 PM,NO CONTROLS,CLEAR,DAYLIGHT,ANGLE,OTHER,STRAIGHT AND LEVEL,DRY,NO DEFECTS,NO INJURY / DRIVE AWAY,N,"OVER $1,500",FAILING TO YIELD RIGHT-OF-WAY,2,NO INDICATION OF INJURY,0.0,0.0,0.0,0.0,0.0,2.0,12,6,5
10/14/2021 05:39:00 PM,NO CONTROLS,CLEAR,DAYLIGHT,REAR END,DIVIDED - W/MEDIAN BARRIER,STRAIGHT AND LEVEL,DRY,UNKNOWN,INJURY AND / OR TOW DUE TO CRASH,Y,$500 OR LESS,UNABLE TO DETERMINE,2,NO INDICATION OF INJURY,0.0,0.0,0.0,0.0,0.0,2.0,17,5,10
08/05/2022 11:46:00 PM,TRAFFIC SIGNAL,CLEAR,"DARKNESS, LIGHTED ROAD",REAR END,DIVIDED - W/MEDIAN (NOT RAISED),STRAIGHT AND LEVEL,DRY,NO DEFECTS,NO INJURY / DRIVE AWAY,Y,"OVER $1,500",FOLLOWING TOO CLOSELY,2,NO INDICATION OF INJURY,0.0,0.0,0.0,0.0,0.0,2.0,23,6,8
04/15/2021 11:40:00 AM,NO CONTROLS,CLEAR,DAYLIGHT,REAR END,NOT DIVIDED,STRAIGHT AND LEVEL,DRY,NO DEFECTS,NO INJURY / DRIVE AWAY,N,"OVER $1,500",FOLLOWING TOO CLOSELY,2,NO INDICATION OF INJURY,0.0,0.0,0.0,0.0,0.0,2.0,11,5,4
02/25/2022 04:20:00 PM,NO CONTROLS,UNKNOWN,UNKNOWN,HEAD ON,FOUR WAY,STRAIGHT AND LEVEL,UNKNOWN,UNKNOWN,NO INJURY / DRIVE AWAY,Y,"OVER $1,500",UNABLE TO DETERMINE,3,NO INDICATION OF INJURY,0.0,0.0,0.0,0.0,0.0,3.0,16,6,2
02/23/2022 01:45:00 PM,TRAFFIC SIGNAL,CLEAR,DAYLIGHT,SIDESWIPE SAME DIRECTION,FOUR WAY,STRAIGHT AND LEVEL,DRY,NO DEFECTS,NO INJURY / DRIVE AWAY,Y,"$501 - $1,500",UNABLE TO DETERMINE,2,NO INDICATION OF INJURY,0.0,0.0,0.0,0.0,0.0,2.0,13,4,2
04/13/2019 06:20:00 PM,NO CONTROLS,CLEAR,DAYLIGHT,TURNING,NOT DIVIDED,STRAIGHT AND LEVEL,DRY,NO DEFECTS,INJURY AND / OR TOW DUE TO CRASH,N,"OVER $1,500",FAILING TO YIELD RIGHT-OF-WAY,2,NONINCAPACITATING INJURY,1.0,0.0,0.0,1.0,0.0,1.0,18,7,4
09/06/2018 12:51:00 PM,UNKNOWN,UNKNOWN,UNKNOWN,ANGLE,UNKNOWN,STRAIGHT AND LEVEL,UNKNOWN,UNKNOWN,INJURY AND / OR TOW DUE TO CRASH,Y,"OVER $1,500",UNABLE TO DETERMINE,2,"REPORTED, NOT EVIDENT",1.0,0.0,0.0,0.0,1.0,1.0,12,5,9
01/24/2021 12:00:00 PM,TRAFFIC SIGNAL,CLEAR,DAYLIGHT,REAR END,FOUR WAY,STRAIGHT AND LEVEL,WET,NO DEFECTS,NO INJURY / DRIVE AWAY,Y,"OVER $1,500",UNABLE TO DETERMINE,2,NO INDICATION OF INJURY,0.0,0.0,0.0,0.0,0.0,4.0,12,1,1
10/30/2019 04:30:00 PM,STOP SIGN/FLASHER,RAIN,DAYLIGHT,TURNING,DIVIDED - W/MEDIAN (NOT RAISED),STRAIGHT AND LEVEL,WET,NO DEFECTS,NO INJURY / DRIVE AWAY,Y,$500 OR LESS,FAILING TO YIELD RIGHT-OF-WAY,2,NO INDICATION OF INJURY,0.0,0.0,0.0,0.0,0.0,2.0,16,4,10
01/10/2018 05:35:00 AM,TRAFFIC SIGNAL,RAIN,"DARKNESS, LIGHTED ROAD",SIDESWIPE SAME DIRECTION,ONE-WAY,STRAIGHT AND LEVEL,WET,NO DEFECTS,NO INJURY / DRIVE AWAY,Y,$500 OR LESS,IMPROPER LANE USAGE,2,NO INDICATION OF INJURY,0.0,0.0,0.0,0.0,0.0,2.0,5,4,1
07/01/2024 02:45:00 PM,TRAFFIC SIGNAL,CLEAR,DAYLIGHT,SIDESWIPE SAME DIRECTION,NOT DIVIDED,STRAIGHT AND LEVEL,DRY,NO DEFECTS,NO INJURY / DRIVE AWAY,Y,$500 OR LESS,IMPROPER OVERTAKING/PASSING,2,NO INDICATION OF INJURY,0.0,0.0,0.0,0.0,0.0,2.0,14,2,7
02/27/2021 07:10:00 PM,STOP SIGN/FLASHER,CLEAR,DARKNESS,ANGLE,NOT DIVIDED,STRAIGHT AND LEVEL,DRY,NO DEFECTS,INJURY AND / OR TOW DUE TO CRASH,Y,"OVER $1,500",FAILING TO YIELD RIGHT-OF-WAY,2,NONINCAPACITATING INJURY,1.0,0.0,0.0,1.0,0.0,1.0,19,7,2
08/16/2020 04:45:00 PM,STOP SIGN/FLASHER,CLEAR,DAYLIGHT,TURNING,NOT DIVIDED,STRAIGHT AND LEVEL,DRY,NO DEFECTS,INJURY AND / OR TOW DUE TO CRASH,Y,"OVER $1,500",TURNING RIGHT ON RED,2,NO INDICATION OF INJURY,0.0,0.0,0.0,0.0,0.0,2.0,16,1,8
03/30/2019 05:00:00 PM,NO CONTROLS,CLEAR,DAYLIGHT,SIDESWIPE SAME DIRECTION,DIVIDED - W/MEDIAN (NOT RAISED),STRAIGHT AND LEVEL,DRY,NO DEFECTS,NO INJURY / DRIVE AWAY,Y,"$501 - $1,500",FAILING TO YIELD RIGHT-OF-WAY,2,NO INDICATION OF INJURY,0.0,0.0,0.0,0.0,0.0,7.0,17,7,3
05/27/2024 10:10:00 PM,TRAFFIC SIGNAL,UNKNOWN,UNKNOWN,TURNING,FOUR WAY,STRAIGHT AND LEVEL,UNKNOWN,UNKNOWN,NO INJURY / DRIVE AWAY,Y,"OVER $1,500",UNABLE TO DETERMINE,2,NO INDICATION OF INJURY,0.0,0.0,0.0,0.0,0.0,3.0,22,2,5
06/05/2021 01:25:00 AM,TRAFFIC SIGNAL,CLEAR,DARKNESS,REAR END,NOT DIVIDED,STRAIGHT AND LEVEL,DRY,NO DEFECTS,NO INJURY / DRIVE AWAY,Y,"$501 - $1,500",FOLLOWING TOO CLOSELY,2,NO INDICATION OF INJURY,0.0,0.0,0.0,0.0,0.0,2.0,1,7,6
06/27/2024 12:20:00 PM,STOP SIGN/FLASHER,CLEAR,DAYLIGHT,ANGLE,FOUR WAY,STRAIGHT AND LEVEL,DRY,NO DEFECTS,NO INJURY / DRIVE AWAY,Y,$500 OR LESS,DISREGARDING TRAFFIC SIGNALS,2,NO INDICATION OF INJURY,0.0,0.0,0.0,0.0,0.0,2.0,12,5,6
06/22/2018 12:55:00 AM,TRAFFIC SIGNAL,RAIN,"DARKNESS, LIGHTED ROAD",SIDESWIPE SAME DIRECTION,DIVIDED - W/MEDIAN BARRIER,STRAIGHT AND LEVEL,WET,NO DEFECTS,NO INJURY / DRIVE AWAY,Y,$500 OR LESS,FAILING TO YIELD RIGHT-OF-WAY,2,NO INDICATION OF INJURY,0.0,0.0,0.0,0.0,0.0,2.0,0,6,6
02/19/2021 06:30:00 PM,TRAFFIC SIGNAL,CLEAR,"DARKNESS, LIGHTED ROAD",TURNING,NOT DIVIDED,STRAIGHT AND LEVEL,DRY,NO DEFECTS,NO INJURY / DRIVE AWAY,Y,"OVER $1,500",UNABLE TO DETERMINE,2,NO INDICATION OF INJURY,0.0,0.0,0.0,0.0,0.0,2.0,18,6,2