crash_date,traffic_control_device,weather_condition,lighting_condition,first_crash_type,trafficway_type,alignment,roadway_surface_cond,road_defect,crash_type,intersection_related_i,damage,prim_contributory_cause,num_units,most_severe_injury,injuries_total,injuries_fatal,injuries_incapacitating,injuries_non_incapacitating,injuries_reported_not_evident,injuries_no_indication,crash_hour,crash_day_of_week,crash_month
01/09/2023 10:35:00 AM,TRAFFIC SIGNAL,CLEAR,DAYLIGHT,REAR END,NOT DIVIDED,STRAIGHT AND LEVEL,DRY,NO DEFECTS,NO INJURY / DRIVE AWAY,Y,"$501 - $1,500",IMPROPER OVERTAKING/PASSING,2,NO INDICATION OF INJURY,0.0,0.0,0.0,0.0,0.0,5.0,10,2,1
04/19/2022 06:40:00 AM,TRAFFIC SIGNAL,CLEAR,DAYLIGHT,ANGLE,ONE-WAY,STRAIGHT AND LEVEL,DRY,NO DEFECTS,INJURY AND / OR TOW DUE TO CRASH,Y,"OVER $1,500",FAILING TO YIELD RIGHT-OF-WAY,2,NO INDICATION OF INJURY,0.0,0.0,0.0,0.0,0.0,3.0,6,3,4
05/10/2021 05:15:00 PM,TRAFFIC SIGNAL,CLEAR,DAYLIGHT,REAR END,NOT DIVIDED,STRAIGHT AND LEVEL,DRY,NO DEFECTS,INJURY AND / OR TOW DUE TO CRASH,Y,"OVER $1,500",FAILING TO REDUCE SPEED TO AVOID CRASH,4,NONINCAPACITATING INJURY,3.0,0.0,0.0,3.0,0.0,2.0,17,2,5
10/14/2016 11:00:00 PM,TRAFFIC SIGNAL,CLEAR,"DARKNESS, LIGHTED ROAD",TURNING,ONE-WAY,STRAIGHT AND LEVEL,DRY,NO DEFECTS,NO INJURY / DRIVE AWAY,Y,$500 OR LESS,IMPROPER LANE USAGE,2,NO INDICATION OF INJURY,0.0,0.0,0.0,0.0,0.0,2.0,23,6,10
11/18/2022 08:05:00 AM,STOP SIGN/FLASHER,SLEET/HAIL,DAYLIGHT,REAR END,ONE-WAY,STRAIGHT AND LEVEL,ICE,UNKNOWN,INJURY AND / OR TOW DUE TO CRASH,Y,"$501 - $1,500",WEATHER,2,NONINCAPACITATING INJURY,1.0,0.0,0.0,1.0,0.0,1.0,8,6,11
12/22/2019 08:24:00 AM,TRAFFIC SIGNAL,CLEAR,DAYLIGHT,TURNING,NOT DIVIDED,STRAIGHT AND LEVEL,DRY,NO DEFECTS,NO INJURY / DRIVE AWAY,Y,"OVER $1,500",IMPROPER LANE USAGE,2,NO INDICATION OF INJURY,0.0,0.0,0.0,0.0,0.0,2.0,8,1,12
11/14/2021 04:40:00 AM,TRAFFIC SIGNAL,FREEZING RAIN/DRIZZLE,"DARKNESS, LIGHTED ROAD",ANGLE,FOUR WAY,STRAIGHT AND LEVEL,WET,WORN SURFACE,INJURY AND / OR TOW DUE TO CRASH,Y,"OVER $1,500",UNABLE TO DETERMINE,2,NONINCAPACITATING INJURY,1.0,0.0,0.0,1.0,0.0,1.0,4,1,11
11/08/2016 10:50:00 AM,TRAFFIC SIGNAL,CLEAR,DAYLIGHT,REAR END,NOT DIVIDED,STRAIGHT AND LEVEL,DRY,OTHER,NO INJURY / DRIVE AWAY,Y,"OVER $1,500",FAILING TO REDUCE SPEED TO AVOID CRASH,2,NO INDICATION OF INJURY,0.0,0.0,0.0,0.0,0.0,2.0,10,3,11
09/17/2022 11:19:00 AM,STOP SIGN/FLASHER,CLEAR,DAYLIGHT,ANGLE,NOT DIVIDED,STRAIGHT AND LEVEL,DRY,UNKNOWN,INJURY AND / OR TOW DUE TO CRASH,Y,"OVER $1,500",UNABLE TO DETERMINE,2,INCAPACITATING INJURY,1.0,0.0,1.0,0.0,0.0,2.0,11,7,9
03/27/2023 03:55:00 PM,TRAFFIC SIGNAL,CLEAR,DAYLIGHT,SIDESWIPE SAME DIRECTION,NOT DIVIDED,STRAIGHT ON GRADE,DRY,NO DEFECTS,INJURY AND / OR TOW DUE TO CRASH,Y,"OVER $1,500",UNABLE TO DETERMINE,2,NO INDICATION OF INJURY,0.0,0.0,0.0,0.0,0.0,2.0,15,2,3
04/26/2024 04:45:00 PM,STOP SIGN/FLASHER,RAIN,DAYLIGHT,ANGLE,FOUR WAY,STRAIGHT AND LEVEL,WET,UNKNOWN,INJURY AND / OR TOW DUE TO CRASH,Y,"OVER $1,500",UNABLE TO DETERMINE,2,NONINCAPACITATING INJURY,1.0,0.0,0.0,1.0,0.0,2.0,16,6,4
10/15/2022 01:20:00 PM,STOP SIGN/FLASHER,CLEAR,DAYLIGHT,ANGLE,FOUR WAY,STRAIGHT AND LEVEL,DRY,NO DEFECTS,NO INJURY / DRIVE AWAY,Y,"OVER $1,500",FAILING TO YIELD RIGHT-OF-WAY,2,NO INDICATION OF INJURY,0.0,0.0,0.0,0.0,0.0,4.0,13,7,10
11/02/2020 04:03:00 PM,NO CONTROLS,CLEAR,DAYLIGHT,SIDESWIPE SAME DIRECTION,NOT DIVIDED,STRAIGHT AND LEVEL,DRY,NO DEFECTS,NO INJURY / DRIVE AWAY,Y,"OVER $1,500",IMPROPER OVERTAKING/PASSING,2,NO INDICATION OF INJURY,0.0,0.0,0.0,0.0,0.0,4.0,16,2,11
10/10/2022 08:20:00 AM,STOP SIGN/FLASHER,CLEAR,DAYLIGHT,TURNING,NOT DIVIDED,STRAIGHT AND LEVEL,DRY,NO DEFECTS,NO INJURY / DRIVE AWAY,Y,"OVER $1,500",FAILING TO YIELD RIGHT-OF-WAY,2,NO INDICATION OF INJURY,0.0,0.0,0.0,0.0,0.0,2.0,8,2,10
08/18/2023 01:00:00 PM,STOP SIGN/FLASHER,CLEAR,DAYLIGHT,PEDALCYCLIST,FOUR WAY,STRAIGHT AND LEVEL,DRY,NO DEFECTS,NO INJURY / DRIVE AWAY,Y,$500 OR LESS,FAILING TO YIELD RIGHT-OF-WAY,2,NO INDICATION OF INJURY,0.0,0.0,0.0,0.0,0.0,2.0,13,6,8
11/16/2018 11:40:00 PM,TRAFFIC SIGNAL,CLEAR,"DARKNESS, LIGHTED ROAD",REAR END,ONE-WAY,STRAIGHT AND LEVEL,DRY,NO DEFECTS,NO INJURY / DRIVE AWAY,Y,$500 OR LESS,FOLLOWING TOO CLOSELY,2,NO INDICATION OF INJURY,0.0,0.0,0.0,0.0,0.0,2.0,23,6,11
03/22/2018 02:20:00 PM,STOP SIGN/FLASHER,CLEAR,DAYLIGHT,ANGLE,NOT DIVIDED,STRAIGHT AND LEVEL,DRY,NO DEFECTS,INJURY AND / OR TOW DUE TO CRASH,Y,"OVER $1,500",FAILING TO YIELD RIGHT-OF-WAY,2,NO INDICATION OF INJURY,0.0,0.0,0.0,0.0,0.0,2.0,14,5,3
07/10/2018 05:08:00 PM,TRAFFIC SIGNAL,CLEAR,DAYLIGHT,TURNING,DIVIDED - W/MEDIAN (NOT RAISED),STRAIGHT AND LEVEL,DRY,NO DEFECTS,NO INJURY / DRIVE AWAY,Y,"$501 - $1,500",FAILING TO YIELD RIGHT-OF-WAY,2,NO INDICATION OF INJURY,0.0,0.0,0.0,0.0,0.0,2.0,17,3,7
05/26/2024 12:14:00 AM,NO CONTROLS,CLEAR,"DARKNESS, LIGHTED ROAD",TURNING,DIVIDED - W/MEDIAN (NOT RAISED),STRAIGHT AND LEVEL,DRY,NO DEFECTS,INJURY AND / OR TOW DUE TO CRASH,N,"OVER $1,500",IMPROPER TURNING/NO SIGNAL,2,NONINCAPACITATING INJURY,1.0,0.0,0.0,1.0,0.0,1.0,0,1,5
04/05/2018 06:15:00 PM,TRAFFIC SIGNAL,CLEAR,DAYLIGHT,REAR END,NOT DIVIDED,STRAIGHT AND LEVEL,DRY,NO DEFECTS,NO INJURY / DRIVE AWAY,Y,"OVER $1,500",FOLLOWING TOO CLOSELY,2,NO INDICATION OF INJURY,0.0,0.0,0.0,0.0,0.0,2.0,18,5,4
10/29/2022 04:00:00 PM,STOP SIGN/FLASHER,CLEAR,DAYLIGHT,PEDALCYCLIST,FOUR WAY,STRAIGHT AND LEVEL,DRY,NO DEFECTS,INJURY AND / OR TOW DUE TO CRASH,Y,"OVER $1,500",DISREGARDING STOP SIGN,2,INCAPACITATING INJURY,1.0,0.0,1.0,0.0,0.0,1.0,16,7,10
11/24/2017 10:45:00 PM,STOP SIGN/FLASHER,CLEAR,"DARKNESS, LIGHTED ROAD",ANGLE,DIVIDED - W/MEDIAN (NOT RAISED),STRAIGHT AND LEVEL,DRY,NO DEFECTS,NO INJURY / DRIVE AWAY,Y,"$501 - $1,500",DISREGARDING STOP SIGN,2,NO INDICATION OF INJURY,0.0,0.0,0.0,0.0,0.0,2.0,22,6,11
02/03/2018 05:13:00 PM,TRAFFIC SIGNAL,CLEAR,DUSK,TURNING,DIVIDED - W/MEDIAN BARRIER,STRAIGHT AND LEVEL,DRY,NO DEFECTS,NO INJURY / DRIVE AWAY,Y,"OVER $1,500",IMPROPER TURNING/NO SIGNAL,2,NO INDICATION OF INJURY,0.0,0.0,0.0,0.0,0.0,2.0,17,7,2
02/07/2023 06:40:00 AM,TRAFFIC SIGNAL,CLEAR,DAYLIGHT,TURNING,OTHER,STRAIGHT AND LEVEL,DRY,NO DEFECTS,NO INJURY / DRIVE AWAY,Y,"OVER $1,500",DRIVING SKILLS/KNOWLEDGE/EXPERIENCE,2,NO INDICATION OF INJURY,0.0,0.0,0.0,0.0,0.0,2.0,6,3,2
04/18/2020 06:35:00 PM,STOP SIGN/FLASHER,CLEAR,DAWN,ANGLE,Y-INTERSECTION,STRAIGHT AND LEVEL,DRY,NO DEFECTS,INJURY AND / OR TOW DUE TO CRASH,Y,"OVER $1,500",UNABLE TO DETERMINE,2,NO INDICATION OF INJURY,0.0,0.0,0.0,0.0,0.0,2.0,18,7,4
12/27/2017 02:37:00 AM,TRAFFIC SIGNAL,CLEAR,"DARKNESS, LIGHTED ROAD",TURNING,CENTER TURN LANE,STRAIGHT AND LEVEL,WET,NO DEFECTS,INJURY AND / OR TOW DUE TO CRASH,Y,"OVER $1,500",FAILING TO YIELD RIGHT-OF-WAY,2,NO INDICATION OF INJURY,0.0,0.0,0.0,0.0,0.0,2.0,2,4,12
09/28/2018 01:00:00 PM,NO CONTROLS,CLOUDY/OVERCAST,DAYLIGHT,REAR END,NOT DIVIDED,STRAIGHT AND LEVEL,UNKNOWN,UNKNOWN,INJURY AND / OR TOW DUE TO CRASH,Y,"$501 - $1,500",FOLLOWING TOO CLOSELY,2,"REPORTED, NOT EVIDENT",1.0,0.0,0.0,0.0,1.0,1.0,13,6,9
12/10/2021 07:20:00 PM,STOP SIGN/FLASHER,CLEAR,"DARKNESS, LIGHTED ROAD",ANGLE,FOUR WAY,STRAIGHT AND LEVEL,DRY,NO DEFECTS,NO INJURY / DRIVE AWAY,Y,"$501 - $1,500",FAILING TO YIELD RIGHT-OF-WAY,2,NO INDICATION OF INJURY,0.0,0.0,0.0,0.0,0.0,2.0,19,6,12
03/31/2024 11:35:00 AM,TRAFFIC SIGNAL,CLEAR,DAYLIGHT,REAR END,T-INTERSECTION,STRAIGHT AND LEVEL,DRY,NO DEFECTS,INJURY AND / OR TOW DUE TO CRASH,Y,"OVER $1,500",FOLLOWING TOO CLOSELY,2,NONINCAPACITATING INJURY,1.0,0.0,0.0,1.0,0.0,1.0,11,1,3
06/04/2024 05:35:00 PM,NO CONTROLS,CLEAR,DAYLIGHT,ANGLE,FOUR WAY,STRAIGHT AND LEVEL,DRY,NO DEFECTS,INJURY AND / OR TOW DUE TO CRASH,Y,"OVER $1,500",FAILING TO YIELD RIGHT-OF-WAY,4,NONINCAPACITATING INJURY,1.0,0.0,0.0,1.0,0.0,1.0,17,3,6
05/02/2020 12:15:00 PM,TRAFFIC SIGNAL,CLEAR,DAYLIGHT,SIDESWIPE SAME DIRECTION,NOT DIVIDED,STRAIGHT AND LEVEL,DRY,NO DEFECTS,NO INJURY / DRIVE AWAY,Y,"OVER $1,500",UNABLE TO DETERMINE,2,NO INDICATION OF INJURY,0.0,0.0,0.0,0.0,0.0,2.0,12,7,5
09/06/2023 11:43:00 AM,TRAFFIC SIGNAL,CLEAR,DAYLIGHT,PEDESTRIAN,FOUR WAY,STRAIGHT AND LEVEL,DRY,NO DEFECTS,NO INJURY / DRIVE AWAY,Y,$500 OR LESS,DISREGARDING TRAFFIC SIGNALS,2,NO INDICATION OF INJURY,0.0,0.0,0.0,0.0,0.0,2.0,11,4,9
11/18/2021 10:44:00 AM,TRAFFIC SIGNAL,CLEAR,DAYLIGHT,FIXED OBJECT,FOUR WAY,STRAIGHT AND LEVEL,DRY,NO DEFECTS,INJURY AND / OR TOW DUE TO CRASH,Y,"$501 - $1,500",IMPROPER TURNING/NO SIGNAL,1,NO INDICATION OF INJURY,0.0,0.0,0.0,0.0,0.0,1.0,10,5,11
08/10/2017 02:35:00 PM,TRAFFIC SIGNAL,CLEAR,DAYLIGHT,SIDESWIPE SAME DIRECTION,NOT DIVIDED,STRAIGHT AND LEVEL,DRY,NO DEFECTS,NO INJURY / DRIVE AWAY,Y,"OVER $1,500",IMPROPER OVERTAKING/PASSING,2,NO INDICATION OF INJURY,0.0,0.0,0.0,0.0,0.0,4.0,14,5,8
11/13/2019 05:44:00 PM,TRAFFIC SIGNAL,CLEAR,"DARKNESS, LIGHTED ROAD",TURNING,FOUR WAY,STRAIGHT AND LEVEL,DRY,NO DEFECTS,NO INJURY / DRIVE AWAY,Y,"OVER $1,500",IMPROPER TURNING/NO SIGNAL,2,NO INDICATION OF INJURY,0.0,0.0,0.0,0.0,0.0,2.0,17,4,11
11/24/2022 03:05:00 AM,UNKNOWN,UNKNOWN,UNKNOWN,REAR END,NOT DIVIDED,STRAIGHT AND LEVEL,UNKNOWN,UNKNOWN,INJURY AND / OR TOW DUE TO CRASH,N,"OVER $1,500",UNABLE TO DETERMINE,2,"REPORTED, NOT EVIDENT",2.0,0.0,0.0,0.0,2.0,1.0,3,5,11
03/30/2019 11:52:00 AM,TRAFFIC SIGNAL,CLEAR,DAYLIGHT,ANGLE,NOT DIVIDED,STRAIGHT AND LEVEL,DRY,NO DEFECTS,INJURY AND / OR TOW DUE TO CRASH,Y,"OVER $1,500",UNABLE TO DETERMINE,4,NONINCAPACITATING INJURY,2.0,0.0,0.0,2.0,0.0,3.0,11,7,3
12/04/2017 03:30:00 PM,NO CONTROLS,CLOUDY/OVERCAST,DAYLIGHT,TURNING,NOT DIVIDED,STRAIGHT AND LEVEL,DRY,NO DEFECTS,NO INJURY / DRIVE AWAY,Y,"$501 - $1,500",IMPROPER TURNING/NO SIGNAL,2,NO INDICATION OF INJURY,0.0,0.0,0.0,0.0,0.0,2.0,15,2,12
10/01/2022 11:46:00 PM,TRAFFIC SIGNAL,CLEAR,"DARKNESS, LIGHTED ROAD",PEDESTRIAN,FOUR WAY,STRAIGHT AND LEVEL,DRY,NO DEFECTS,INJURY AND / OR TOW DUE TO CRASH,Y,"OVER $1,500",FAILING TO YIELD RIGHT-OF-WAY,2,NONINCAPACITATING INJURY,1.0,0.0,0.0,1.0,0.0,1.0,23,7,10
08/17/2019 01:15:00 PM,TRAFFIC SIGNAL,RAIN,DAYLIGHT,ANGLE,NOT DIVIDED,STRAIGHT AND LEVEL,DRY,NO DEFECTS,INJURY AND / OR TOW DUE TO CRASH,Y,"OVER $1,500",UNABLE TO DETERMINE,3,"REPORTED, NOT EVIDENT",1.0,0.0,0.0,0.0,1.0,4.0,13,7,8
10/19/2022 04:00:00 PM,TRAFFIC SIGNAL,CLEAR,DAYLIGHT,TURNING,DIVIDED - W/MEDIAN (NOT RAISED),STRAIGHT AND LEVEL,UNKNOWN,UNKNOWN,NO INJURY / DRIVE AWAY,Y,"OVER $1,500",IMPROPER TURNING/NO SIGNAL,2,NO INDICATION OF INJURY,0.0,0.0,0.0,0.0,0.0,3.0,16,4,10
03/09/2019 03:44:00 PM,STOP SIGN/FLASHER,RAIN,DAYLIGHT,PARKED MOTOR VEHICLE,NOT DIVIDED,STRAIGHT AND LEVEL,WET,NO DEFECTS,INJURY AND / OR TOW DUE TO CRASH,Y,"OVER $1,500",UNABLE TO DETERMINE,2,NO INDICATION OF INJURY,0.0,0.0,0.0,0.0,0.0,1.0,15,7,3
01/18/2022 07:00:00 PM,TRAFFIC SIGNAL,CLEAR,"DARKNESS, LIGHTED ROAD",REAR END,NOT DIVIDED,STRAIGHT AND LEVEL,UNKNOWN,UNKNOWN,INJURY AND / OR TOW DUE TO CRASH,Y,"OVER $1,500",FOLLOWING TOO CLOSELY,2,"REPORTED, NOT EVIDENT",1.0,0.0,0.0,0.0,1.0,1.0,19,3,1
11/13/2020 03:38:00 PM,TRAFFIC SIGNAL,CLEAR,DAYLIGHT,ANGLE,NOT DIVIDED,STRAIGHT AND LEVEL,DRY,NO DEFECTS,INJURY AND / OR TOW DUE TO CRASH,Y,"OVER $1,500",DISREGARDING TRAFFIC SIGNALS,2,NONINCAPACITATING INJURY,1.0,0.0,0.0,1.0,0.0,3.0,15,6,11
11/03/2017 10:13:00 PM,TRAFFIC SIGNAL,CLEAR,"DARKNESS, LIGHTED ROAD",TURNING,OTHER,STRAIGHT AND LEVEL,DRY,NO DEFECTS,INJURY AND / OR TOW DUE TO CRASH,Y,"OVER $1,500",FAILING TO YIELD RIGHT-OF-WAY,3,NO INDICATION OF INJURY,0.0,0.0,0.0,0.0,0.0,3.0,22,6,11
05/20/2021 04:20:00 PM,TRAFFIC SIGNAL,CLEAR,DAYLIGHT,REAR END,FOUR WAY,STRAIGHT AND LEVEL,DRY,NO DEFECTS,NO INJURY / DRIVE AWAY,Y,"OVER $1,500",FAILING TO REDUCE SPEED TO AVOID CRASH,2,NO INDICATION OF INJURY,0.0,0.0,0.0,0.0,0.0,2.0,16,5,5
07/07/2024 05:27:00 PM,STOP SIGN/FLASHER,RAIN,DAYLIGHT,TURNING,FOUR WAY,STRAIGHT AND LEVEL,WET,NO DEFECTS,INJURY AND / OR TOW DUE TO CRASH,Y,"OVER $1,500",FAILING TO YIELD RIGHT-OF-WAY,2,NONINCAPACITATING INJURY,1.0,0.0,0.0,1.0,0.0,2.0,17,1,7
07/26/2019 08:12:00 PM,TRAFFIC SIGNAL,CLEAR,DUSK,PEDALCYCLIST,DIVIDED - W/MEDIAN (NOT RAISED),STRAIGHT ON HILLCREST,DRY,NO DEFECTS,INJURY AND / OR TOW DUE TO CRASH,Y,$500 OR LESS,FAILING TO YIELD RIGHT-OF-WAY,2,NONINCAPACITATING INJURY,1.0,0.0,0.0,1.0,0.0,1.0,20,6,7
08/07/2019 11:05:00 AM,TRAFFIC SIGNAL,CLEAR,DAYLIGHT,TURNING,NOT DIVIDED,STRAIGHT AND LEVEL,DRY,NO DEFECTS,NO INJURY / DRIVE AWAY,Y,"$501 - $1,500",UNABLE TO DETERMINE,2,NO INDICATION OF INJURY,0.0,0.0,0.0,0.0,0.0,3.0,11,4,8
01/04/2023 06:50:00 PM,TRAFFIC SIGNAL,CLEAR,"DARKNESS, LIGHTED ROAD",PEDALCYCLIST,T-INTERSECTION,STRAIGHT AND LEVEL,DRY,NO DEFECTS,NO INJURY / DRIVE AWAY,Y,"$501 - $1,500",UNABLE TO DETERMINE,2,NO INDICATION OF INJURY,0.0,0.0,0.0,0.0,0.0,2.0,18,4,1
07/25/2023 04:40:00 PM,NO CONTROLS,CLEAR,DAYLIGHT,TURNING,NOT DIVIDED,STRAIGHT AND LEVEL,DRY,NO DEFECTS,INJURY AND / OR TOW DUE TO CRASH,Y,"OVER $1,500",FAILING TO YIELD RIGHT-OF-WAY,2,NONINCAPACITATING INJURY,3.0,0.0,0.0,3.0,0.0,0.0,16,3,7
05/28/2021 09:21:00 PM,TRAFFIC SIGNAL,RAIN,"DARKNESS, LIGHTED ROAD",TURNING,NOT DIVIDED,STRAIGHT AND LEVEL,WET,NO DEFECTS,NO INJURY / DRIVE AWAY,Y,"OVER $1,500",IMPROPER OVERTAKING/PASSING,2,NO INDICATION OF INJURY,0.0,0.0,0.0,0.0,0.0,2.0,21,6,5
12/18/2018 08:15:00 AM,TRAFFIC SIGNAL,CLEAR,DAYLIGHT,REAR END,NOT DIVIDED,STRAIGHT AND LEVEL,DRY,NO DEFECTS,NO INJURY / DRIVE AWAY,Y,"OVER $1,500",UNABLE TO DETERMINE,2,NO INDICATION OF INJURY,0.0,0.0,0.0,0.0,0.0,2.0,8,3,12
10/23/2022 05:38:00 PM,TRAFFIC SIGNAL,CLEAR,DUSK,TURNING,FOUR WAY,STRAIGHT AND LEVEL,DRY,NO DEFECTS,NO INJURY / DRIVE AWAY,Y,"OVER $1,500",DISREGARDING TRAFFIC SIGNALS,2,NO INDICATION OF INJURY,0.0,0.0,0.0,0.0,0.0,3.0,17,1,10
09/20/2023 08:26:00 AM,TRAFFIC SIGNAL,CLEAR,DAYLIGHT,TURNING,FOUR WAY,STRAIGHT AND LEVEL,DRY,NO DEFECTS,NO INJURY / DRIVE AWAY,Y,"OVER $1,500",IMPROPER TURNING/NO SIGNAL,2,NO INDICATION OF INJURY,0.0,0.0,0.0,0.0,0.0,2.0,8,4,9
08/06/2018 04:44:00 PM,TRAFFIC SIGNAL,CLOUDY/OVERCAST,DAYLIGHT,TURNING,NOT DIVIDED,STRAIGHT AND LEVEL,DRY,NO DEFECTS,NO INJURY / DRIVE AWAY,Y,"OVER $1,500",FAILING TO YIELD RIGHT-OF-WAY,2,NO INDICATION OF INJURY,0.0,0.0,0.0,0.0,0.0,6.0,16,2,8
10/07/2017 08:09:00 PM,TRAFFIC SIGNAL,RAIN,"DARKNESS, LIGHTED ROAD",TURNING,ONE-WAY,STRAIGHT AND LEVEL,WET,UNKNOWN,INJURY AND / OR TOW DUE TO CRASH,Y,"OVER $1,500",IMPROPER TURNING/NO SIGNAL,2,NO INDICATION OF INJURY,0.0,0.0,0.0,0.0,0.0,2.0,20,7,10
01/04/2018 01:00:00 PM,NO CONTROLS,SNOW,DAYLIGHT,TURNING,NOT DIVIDED,STRAIGHT AND LEVEL,UNKNOWN,NO DEFECTS,NO INJURY / DRIVE AWAY,Y,"$501 - $1,500",FAILING TO REDUCE SPEED TO AVOID CRASH,2,NO INDICATION OF INJURY,0.0,0.0,0.0,0.0,0.0,2.0,13,5,1
01/19/2018 02:44:00 PM,TRAFFIC SIGNAL,CLEAR,DAYLIGHT,REAR END,DIVIDED - W/MEDIAN (NOT RAISED),STRAIGHT AND LEVEL,DRY,NO DEFECTS,INJURY AND / OR TOW DUE TO CRASH,N,"OVER $1,500",FOLLOWING TOO CLOSELY,2,NONINCAPACITATING INJURY,1.0,0.0,0.0,1.0,0.0,1.0,14,6,1
11/10/2018 12:00:00 PM,TRAFFIC SIGNAL,CLEAR,DAYLIGHT,REAR END,ONE-WAY,STRAIGHT AND LEVEL,DRY,NO DEFECTS,NO INJURY / DRIVE AWAY,Y,"OVER $1,500",UNABLE TO DETERMINE,2,NO INDICATION OF INJURY,0.0,0.0,0.0,0.0,0.0,2.0,12,7,11
11/06/2019 07:44:00 AM,TRAFFIC SIGNAL,CLOUDY/OVERCAST,DAYLIGHT,TURNING,NOT DIVIDED,STRAIGHT AND LEVEL,DRY,NO DEFECTS,INJURY AND / OR TOW DUE TO CRASH,Y,"OVER $1,500",FAILING TO YIELD RIGHT-OF-WAY,2,NO INDICATION OF INJURY,0.0,0.0,0.0,0.0,0.0,2.0,7,4,11
12/14/2021 05:10:00 PM,TRAFFIC SIGNAL,CLEAR,"DARKNESS, LIGHTED ROAD",REAR END,NOT DIVIDED,STRAIGHT AND LEVEL,DRY,UNKNOWN,INJURY AND / OR TOW DUE TO CRASH,Y,"OVER $1,500",FAILING TO REDUCE SPEED TO AVOID CRASH,2,"REPORTED, NOT EVIDENT",1.0,0.0,0.0,0.0,1.0,2.0,17,3,12
10/11/2023 04:20:00 PM,UNKNOWN,CLEAR,DAYLIGHT,ANGLE,DIVIDED - W/MEDIAN (NOT RAISED),STRAIGHT AND LEVEL,DRY,UNKNOWN,INJURY AND / OR TOW DUE TO CRASH,Y,"OVER $1,500",UNABLE TO DETERMINE,2,NONINCAPACITATING INJURY,2.0,0.0,0.0,2.0,0.0,3.0,16,4,10
06/26/2022 12:53:00 PM,STOP SIGN/FLASHER,CLEAR,DAYLIGHT,TURNING,FOUR WAY,STRAIGHT AND LEVEL,DRY,NO DEFECTS,NO INJURY / DRIVE AWAY,Y,"OVER $1,500",UNABLE TO DETERMINE,2,NO INDICATION OF INJURY,0.0,0.0,0.0,0.0,0.0,2.0,12,1,6
06/02/2023 06:29:00 PM,NO CONTROLS,CLEAR,DAYLIGHT,TURNING,T-INTERSECTION,STRAIGHT AND LEVEL,DRY,NO DEFECTS,INJURY AND / OR TOW DUE TO CRASH,Y,"OVER $1,500",FAILING TO YIELD RIGHT-OF-WAY,2,NONINCAPACITATING INJURY,2.0,0.0,0.0,2.0,0.0,0.0,18,6,6
04/28/2024 10:57:00 PM,TRAFFIC SIGNAL,CLEAR,DARKNESS,PEDALCYCLIST,NOT DIVIDED,STRAIGHT AND LEVEL,DRY,NO DEFECTS,INJURY AND / OR TOW DUE TO CRASH,N,"$501 - $1,500",NOT APPLICABLE,2,NONINCAPACITATING INJURY,1.0,0.0,0.0,1.0,0.0,1.0,22,1,4
07/26/2023 05:37:00 PM,NO CONTROLS,CLEAR,DAYLIGHT,SIDESWIPE SAME DIRECTION,NOT DIVIDED,STRAIGHT AND LEVEL,DRY,NO DEFECTS,NO INJURY / DRIVE AWAY,Y,"OVER $1,500",FAILING TO YIELD RIGHT-OF-WAY,2,NO INDICATION OF INJURY,0.0,0.0,0.0,0.0,0.0,3.0,17,4,7
03/10/2024 06:30:00 PM,TRAFFIC SIGNAL,CLEAR,DAYLIGHT,PEDALCYCLIST,FOUR WAY,STRAIGHT AND LEVEL,DRY,NO DEFECTS,INJURY AND / OR TOW DUE TO CRASH,Y,"OVER $1,500",UNABLE TO DETERMINE,2,NONINCAPACITATING INJURY,1.0,0.0,0.0,1.0,0.0,3.0,18,1,3
06/03/2018 08:00:00 PM,STOP SIGN/FLASHER,CLEAR,DUSK,PEDALCYCLIST,NOT DIVIDED,STRAIGHT AND LEVEL,DRY,NO DEFECTS,INJURY AND / OR TOW DUE TO CRASH,Y,$500 OR LESS,FAILING TO YIELD RIGHT-OF-WAY,2,NONINCAPACITATING INJURY,1.0,0.0,0.0,1.0,0.0,1.0,20,1,6
02/21/2019 01:00:00 PM,TRAFFIC SIGNAL,CLEAR,DAYLIGHT,PEDESTRIAN,DIVIDED - W/MEDIAN (NOT RAISED),STRAIGHT AND LEVEL,DRY,NO DEFECTS,NO INJURY / DRIVE AWAY,Y,$500 OR LESS,FAILING TO YIELD RIGHT-OF-WAY,2,NO INDICATION OF INJURY,0.0,0.0,0.0,0.0,0.0,2.0,13,5,2
04/22/2022 03:58:00 AM,TRAFFIC SIGNAL,CLEAR,"DARKNESS, LIGHTED ROAD",SIDESWIPE SAME DIRECTION,FOUR WAY,STRAIGHT ON GRADE,DRY,NO DEFECTS,NO INJURY / DRIVE AWAY,Y,"OVER $1,500",IMPROPER LANE USAGE,2,NO INDICATION OF INJURY,0.0,0.0,0.0,0.0,0.0,2.0,3,6,4
03/09/2020 11:25:00 AM,NO CONTROLS,RAIN,DAYLIGHT,TURNING,Y-INTERSECTION,STRAIGHT AND LEVEL,WET,NO DEFECTS,INJURY AND / OR TOW DUE TO CRASH,Y,"OVER $1,500","OPERATING VEHICLE IN ERRATIC, RECKLESS, CARELESS, NEGLIGENT OR AGGRESSIVE MANNER",2,NO INDICATION OF INJURY,0.0,0.0,0.0,0.0,0.0,2.0,11,2,3