crash_date,traffic_control_device,weather_condition,lighting_condition,first_crash_type,trafficway_type,alignment,roadway_surface_cond,road_defect,crash_type,intersection_related_i,damage,prim_contributory_cause,num_units,most_severe_injury,injuries_total,injuries_fatal,injuries_incapacitating,injuries_non_incapacitating,injuries_reported_not_evident,injuries_no_indication,crash_hour,crash_day_of_week,crash_month
12/31/2021 02:10:00 AM,STOP SIGN/FLASHER,CLEAR,"DARKNESS, LIGHTED ROAD",TURNING,T-INTERSECTION,STRAIGHT AND LEVEL,DRY,NO DEFECTS,INJURY AND / OR TOW DUE TO CRASH,Y,"OVER $1,500",FAILING TO YIELD RIGHT-OF-WAY,2,INCAPACITATING INJURY,2.0,0.0,1.0,1.0,0.0,0.0,2,6,12
09/21/2020 07:24:00 PM,STOP SIGN/FLASHER,CLEAR,"DARKNESS, LIGHTED ROAD",ANGLE,FOUR WAY,STRAIGHT AND LEVEL,DRY,NO DEFECTS,INJURY AND / OR TOW DUE TO CRASH,Y,"OVER $1,500",FAILING TO YIELD RIGHT-OF-WAY,2,NO INDICATION OF INJURY,0.0,0.0,0.0,0.0,0.0,2.0,19,2,9
02/11/2024 04:18:00 AM,STOP SIGN/FLASHER,CLEAR,"DARKNESS, LIGHTED ROAD",TURNING,DIVIDED - W/MEDIAN (NOT RAISED),STRAIGHT AND LEVEL,DRY,NO DEFECTS,INJURY AND / OR TOW DUE TO CRASH,Y,"OVER $1,500",FAILING TO YIELD RIGHT-OF-WAY,2,NO INDICATION OF INJURY,0.0,0.0,0.0,0.0,0.0,2.0,4,1,2
10/25/2022 06:30:00 PM,TRAFFIC SIGNAL,UNKNOWN,UNKNOWN,REAR END,NOT DIVIDED,STRAIGHT AND LEVEL,UNKNOWN,UNKNOWN,NO INJURY / DRIVE AWAY,Y,"OVER $1,500",UNABLE TO DETERMINE,2,NO INDICATION OF INJURY,0.0,0.0,0.0,0.0,0.0,2.0,18,3,10
06/30/2019 01:30:00 PM,STOP SIGN/FLASHER,UNKNOWN,UNKNOWN,PEDESTRIAN,FOUR WAY,STRAIGHT AND LEVEL,UNKNOWN,UNKNOWN,INJURY AND / OR TOW DUE TO CRASH,Y,$500 OR LESS,FAILING TO YIELD RIGHT-OF-WAY,2,"REPORTED, NOT EVIDENT",1.0,0.0,0.0,0.0,1.0,1.0,13,1,6
09/26/2023 08:20:00 AM,TRAFFIC SIGNAL,RAIN,DAYLIGHT,SIDESWIPE SAME DIRECTION,NOT DIVIDED,STRAIGHT AND LEVEL,WET,UNKNOWN,NO INJURY / DRIVE AWAY,Y,"OVER $1,500",IMPROPER OVERTAKING/PASSING,2,NO INDICATION OF INJURY,0.0,0.0,0.0,0.0,0.0,4.0,8,3,9
11/26/2021 09:45:00 PM,TRAFFIC SIGNAL,CLEAR,"DARKNESS, LIGHTED ROAD",REAR END,DIVIDED - W/MEDIAN (NOT RAISED),STRAIGHT AND LEVEL,DRY,NO DEFECTS,NO INJURY / DRIVE AWAY,Y,"OVER $1,500",FAILING TO REDUCE SPEED TO AVOID CRASH,2,NO INDICATION OF INJURY,0.0,0.0,0.0,0.0,0.0,2.0,21,6,11
10/11/2022 05:25:00 PM,STOP SIGN/FLASHER,RAIN,DUSK,ANGLE,FOUR WAY,STRAIGHT AND LEVEL,WET,NO DEFECTS,NO INJURY / DRIVE AWAY,Y,$500 OR LESS,FAILING TO YIELD RIGHT-OF-WAY,2,NO INDICATION OF INJURY,0.0,0.0,0.0,0.0,0.0,3.0,17,3,10
04/15/2024 11:40:00 PM,STOP SIGN/FLASHER,CLEAR,"DARKNESS, LIGHTED ROAD",PEDESTRIAN,FOUR WAY,STRAIGHT AND LEVEL,DRY,NO DEFECTS,INJURY AND / OR TOW DUE TO CRASH,Y,$500 OR LESS,DISREGARDING STOP SIGN,2,INCAPACITATING INJURY,1.0,0.0,1.0,0.0,0.0,1.0,23,2,4
09/29/2018 12:30:00 AM,LANE USE MARKING,CLEAR,"DARKNESS, LIGHTED ROAD",SIDESWIPE SAME DIRECTION,DIVIDED - W/MEDIAN (NOT RAISED),STRAIGHT AND LEVEL,UNKNOWN,UNKNOWN,NO INJURY / DRIVE AWAY,Y,"OVER $1,500",UNABLE TO DETERMINE,2,NO INDICATION OF INJURY,0.0,0.0,0.0,0.0,0.0,2.0,0,7,9
12/31/2018 05:30:00 PM,TRAFFIC SIGNAL,RAIN,"DARKNESS, LIGHTED ROAD",TURNING,NOT DIVIDED,STRAIGHT AND LEVEL,WET,OTHER,NO INJURY / DRIVE AWAY,Y,"$501 - $1,500",WEATHER,2,NO INDICATION OF INJURY,0.0,0.0,0.0,0.0,0.0,2.0,17,2,12
04/24/2019 04:00:00 PM,TRAFFIC SIGNAL,CLEAR,DAYLIGHT,TURNING,NOT DIVIDED,STRAIGHT AND LEVEL,DRY,NO DEFECTS,INJURY AND / OR TOW DUE TO CRASH,Y,"$501 - $1,500",FAILING TO YIELD RIGHT-OF-WAY,2,"REPORTED, NOT EVIDENT",1.0,0.0,0.0,0.0,1.0,3.0,16,4,4
08/08/2021 02:30:00 AM,TRAFFIC SIGNAL,CLEAR,DUSK,REAR END,NOT DIVIDED,STRAIGHT AND LEVEL,WET,UNKNOWN,NO INJURY / DRIVE AWAY,Y,"$501 - $1,500",NOT APPLICABLE,2,NO INDICATION OF INJURY,0.0,0.0,0.0,0.0,0.0,2.0,2,1,8
01/22/2021 11:04:00 AM,TRAFFIC SIGNAL,CLEAR,DAYLIGHT,TURNING,NOT DIVIDED,STRAIGHT AND LEVEL,DRY,NO DEFECTS,INJURY AND / OR TOW DUE TO CRASH,Y,"OVER $1,500",FOLLOWING TOO CLOSELY,2,NO INDICATION OF INJURY,0.0,0.0,0.0,0.0,0.0,2.0,11,6,1
06/24/2024 10:20:00 PM,TRAFFIC SIGNAL,RAIN,"DARKNESS, LIGHTED ROAD",TURNING,FOUR WAY,"CURVE, LEVEL",WET,NO DEFECTS,NO INJURY / DRIVE AWAY,Y,"OVER $1,500",IMPROPER TURNING/NO SIGNAL,2,NO INDICATION OF INJURY,0.0,0.0,0.0,0.0,0.0,2.0,22,2,6
02/19/2020 03:41:00 PM,STOP SIGN/FLASHER,CLEAR,DAYLIGHT,ANGLE,FOUR WAY,STRAIGHT AND LEVEL,DRY,NO DEFECTS,NO INJURY / DRIVE AWAY,Y,"OVER $1,500",FAILING TO YIELD RIGHT-OF-WAY,2,NO INDICATION OF INJURY,0.0,0.0,0.0,0.0,0.0,4.0,15,4,2
08/22/2021 06:10:00 PM,UNKNOWN,CLEAR,DAYLIGHT,ANGLE,UNKNOWN,STRAIGHT AND LEVEL,DRY,UNKNOWN,NO INJURY / DRIVE AWAY,Y,"OVER $1,500",UNABLE TO DETERMINE,2,NO INDICATION OF INJURY,0.0,0.0,0.0,0.0,0.0,2.0,18,1,8
11/22/2017 09:00:00 PM,TRAFFIC SIGNAL,CLEAR,"DARKNESS, LIGHTED ROAD",TURNING,CENTER TURN LANE,STRAIGHT AND LEVEL,DRY,NO DEFECTS,NO INJURY / DRIVE AWAY,Y,"OVER $1,500",IMPROPER TURNING/NO SIGNAL,2,NO INDICATION OF INJURY,0.0,0.0,0.0,0.0,0.0,2.0,21,4,11
10/15/2022 10:52:00 PM,STOP SIGN/FLASHER,CLEAR,"DARKNESS, LIGHTED ROAD",ANGLE,FOUR WAY,STRAIGHT AND LEVEL,DRY,NO DEFECTS,INJURY AND / OR TOW DUE TO CRASH,Y,"OVER $1,500",FAILING TO YIELD RIGHT-OF-WAY,3,NO INDICATION OF INJURY,0.0,0.0,0.0,0.0,0.0,4.0,22,7,10
10/08/2017 02:38:00 PM,TRAFFIC SIGNAL,CLEAR,DAYLIGHT,PEDESTRIAN,CENTER TURN LANE,STRAIGHT AND LEVEL,DRY,NO DEFECTS,INJURY AND / OR TOW DUE TO CRASH,Y,$500 OR LESS,"VISION OBSCURED (SIGNS, TREE LIMBS, BUILDINGS, ETC.)",2,"REPORTED, NOT EVIDENT",1.0,0.0,0.0,0.0,1.0,3.0,14,1,10
07/25/2024 07:53:00 AM,TRAFFIC SIGNAL,CLEAR,DAYLIGHT,TURNING,T-INTERSECTION,STRAIGHT AND LEVEL,DRY,NO DEFECTS,INJURY AND / OR TOW DUE TO CRASH,Y,"OVER $1,500",DISREGARDING TRAFFIC SIGNALS,2,INCAPACITATING INJURY,2.0,0.0,2.0,0.0,0.0,0.0,7,5,7
08/05/2024 08:30:00 PM,TRAFFIC SIGNAL,CLEAR,"DARKNESS, LIGHTED ROAD",ANGLE,FOUR WAY,STRAIGHT AND LEVEL,DRY,NO DEFECTS,INJURY AND / OR TOW DUE TO CRASH,Y,"OVER $1,500",DISREGARDING TRAFFIC SIGNALS,2,"REPORTED, NOT EVIDENT",1.0,0.0,0.0,0.0,1.0,1.0,20,2,8
09/24/2018 06:00:00 PM,TRAFFIC SIGNAL,CLEAR,DAYLIGHT,TURNING,NOT DIVIDED,STRAIGHT AND LEVEL,DRY,NO DEFECTS,NO INJURY / DRIVE AWAY,Y,"$501 - $1,500",IMPROPER TURNING/NO SIGNAL,2,NO INDICATION OF INJURY,0.0,0.0,0.0,0.0,0.0,2.0,18,2,9
06/26/2019 12:45:00 PM,TRAFFIC SIGNAL,CLEAR,DAYLIGHT,ANGLE,FOUR WAY,STRAIGHT AND LEVEL,DRY,NO DEFECTS,INJURY AND / OR TOW DUE TO CRASH,Y,"OVER $1,500",EQUIPMENT - VEHICLE CONDITION,3,NONINCAPACITATING INJURY,2.0,0.0,0.0,2.0,0.0,3.0,12,4,6
01/28/2022 10:57:00 AM,STOP SIGN/FLASHER,CLEAR,DAYLIGHT,REAR TO SIDE,FOUR WAY,STRAIGHT AND LEVEL,SNOW OR SLUSH,NO DEFECTS,NO INJURY / DRIVE AWAY,Y,"OVER $1,500",IMPROPER BACKING,2,NO INDICATION OF INJURY,0.0,0.0,0.0,0.0,0.0,2.0,10,6,1
09/03/2018 07:25:00 PM,NO CONTROLS,RAIN,"DARKNESS, LIGHTED ROAD",SIDESWIPE SAME DIRECTION,DIVIDED - W/MEDIAN (NOT RAISED),STRAIGHT AND LEVEL,WET,NO DEFECTS,NO INJURY / DRIVE AWAY,Y,"OVER $1,500",EQUIPMENT - VEHICLE CONDITION,2,NO INDICATION OF INJURY,0.0,0.0,0.0,0.0,0.0,4.0,19,2,9
04/05/2020 01:30:00 PM,NO CONTROLS,CLEAR,DAYLIGHT,TURNING,NOT DIVIDED,STRAIGHT AND LEVEL,DRY,NO DEFECTS,INJURY AND / OR TOW DUE TO CRASH,Y,"OVER $1,500",FAILING TO YIELD RIGHT-OF-WAY,2,NONINCAPACITATING INJURY,2.0,0.0,0.0,1.0,1.0,0.0,13,1,4
07/22/2020 05:19:00 PM,NO CONTROLS,CLEAR,DAYLIGHT,SIDESWIPE SAME DIRECTION,DIVIDED - W/MEDIAN (NOT RAISED),STRAIGHT AND LEVEL,DRY,NO DEFECTS,NO INJURY / DRIVE AWAY,Y,"OVER $1,500",IMPROPER OVERTAKING/PASSING,2,NO INDICATION OF INJURY,0.0,0.0,0.0,0.0,0.0,3.0,17,4,7
08/15/2019 05:22:00 PM,STOP SIGN/FLASHER,CLEAR,DAYLIGHT,REAR END,DIVIDED - W/MEDIAN (NOT RAISED),STRAIGHT AND LEVEL,DRY,NO DEFECTS,INJURY AND / OR TOW DUE TO CRASH,Y,"OVER $1,500",UNABLE TO DETERMINE,2,NONINCAPACITATING INJURY,1.0,0.0,0.0,1.0,0.0,2.0,17,5,8
07/09/2023 03:10:00 PM,NO CONTROLS,CLEAR,DAYLIGHT,SIDESWIPE OPPOSITE DIRECTION,NOT DIVIDED,STRAIGHT AND LEVEL,WET,NO DEFECTS,NO INJURY / DRIVE AWAY,Y,"OVER $1,500",DISTRACTION - FROM OUTSIDE VEHICLE,2,NO INDICATION OF INJURY,0.0,0.0,0.0,0.0,0.0,3.0,15,1,7
09/10/2019 05:00:00 PM,TRAFFIC SIGNAL,CLEAR,DAYLIGHT,SIDESWIPE SAME DIRECTION,NOT DIVIDED,STRAIGHT AND LEVEL,DRY,NO DEFECTS,NO INJURY / DRIVE AWAY,Y,"OVER $1,500",IMPROPER LANE USAGE,2,NO INDICATION OF INJURY,0.0,0.0,0.0,0.0,0.0,3.0,17,3,9
05/12/2018 03:25:00 PM,STOP SIGN/FLASHER,CLOUDY/OVERCAST,DAYLIGHT,ANGLE,NOT DIVIDED,STRAIGHT AND LEVEL,WET,NO DEFECTS,INJURY AND / OR TOW DUE TO CRASH,Y,"OVER $1,500",DISREGARDING STOP SIGN,2,NONINCAPACITATING INJURY,1.0,0.0,0.0,1.0,0.0,2.0,15,7,5
03/09/2019 05:45:00 PM,STOP SIGN/FLASHER,UNKNOWN,UNKNOWN,ANGLE,UNKNOWN,STRAIGHT AND LEVEL,UNKNOWN,UNKNOWN,NO INJURY / DRIVE AWAY,Y,"OVER $1,500",NOT APPLICABLE,2,NO INDICATION OF INJURY,0.0,0.0,0.0,0.0,0.0,2.0,17,7,3
05/29/2019 12:05:00 PM,TRAFFIC SIGNAL,CLEAR,DAYLIGHT,TURNING,NOT DIVIDED,STRAIGHT AND LEVEL,DRY,NO DEFECTS,INJURY AND / OR TOW DUE TO CRASH,Y,"OVER $1,500",UNABLE TO DETERMINE,4,NO INDICATION OF INJURY,0.0,0.0,0.0,0.0,0.0,9.0,12,4,5
11/07/2020 11:00:00 PM,NO CONTROLS,CLEAR,"DARKNESS, LIGHTED ROAD",ANGLE,NOT DIVIDED,STRAIGHT AND LEVEL,DRY,NO DEFECTS,INJURY AND / OR TOW DUE TO CRASH,Y,"OVER $1,500",DRIVING SKILLS/KNOWLEDGE/EXPERIENCE,3,INCAPACITATING INJURY,1.0,0.0,1.0,0.0,0.0,1.0,23,7,11
12/22/2017 01:28:00 PM,STOP SIGN/FLASHER,CLEAR,DAYLIGHT,ANGLE,OTHER,STRAIGHT AND LEVEL,DRY,NO DEFECTS,NO INJURY / DRIVE AWAY,Y,"OVER $1,500",UNABLE TO DETERMINE,2,NO INDICATION OF INJURY,0.0,0.0,0.0,0.0,0.0,4.0,13,6,12
01/18/2020 05:30:00 PM,TRAFFIC SIGNAL,CLEAR,"DARKNESS, LIGHTED ROAD",ANGLE,FOUR WAY,STRAIGHT AND LEVEL,DRY,NO DEFECTS,NO INJURY / DRIVE AWAY,Y,"OVER $1,500",NOT APPLICABLE,2,NO INDICATION OF INJURY,0.0,0.0,0.0,0.0,0.0,2.0,17,7,1
06/18/2018 11:00:00 AM,TRAFFIC SIGNAL,CLEAR,DAYLIGHT,TURNING,NOT DIVIDED,STRAIGHT AND LEVEL,DRY,NO DEFECTS,NO INJURY / DRIVE AWAY,Y,"$501 - $1,500",UNABLE TO DETERMINE,2,NO INDICATION OF INJURY,0.0,0.0,0.0,0.0,0.0,2.0,11,2,6
09/17/2016 12:00:00 PM,TRAFFIC SIGNAL,CLEAR,DAYLIGHT,TURNING,NOT DIVIDED,STRAIGHT AND LEVEL,DRY,NO DEFECTS,NO INJURY / DRIVE AWAY,Y,$500 OR LESS,FOLLOWING TOO CLOSELY,2,NO INDICATION OF INJURY,0.0,0.0,0.0,0.0,0.0,2.0,12,7,9
05/08/2023 01:30:00 PM,TRAFFIC SIGNAL,UNKNOWN,UNKNOWN,REAR TO FRONT,NOT DIVIDED,STRAIGHT AND LEVEL,UNKNOWN,NO DEFECTS,NO INJURY / DRIVE AWAY,Y,"OVER $1,500",IMPROPER BACKING,2,NO INDICATION OF INJURY,0.0,0.0,0.0,0.0,0.0,2.0,13,2,5
06/19/2020 09:20:00 AM,TRAFFIC SIGNAL,CLEAR,DAYLIGHT,TURNING,DIVIDED - W/MEDIAN (NOT RAISED),STRAIGHT AND LEVEL,DRY,NO DEFECTS,INJURY AND / OR TOW DUE TO CRASH,Y,"OVER $1,500",UNABLE TO DETERMINE,2,NONINCAPACITATING INJURY,1.0,0.0,0.0,1.0,0.0,1.0,9,6,6
02/15/2018 01:00:00 PM,STOP SIGN/FLASHER,CLEAR,DAYLIGHT,TURNING,DIVIDED - W/MEDIAN (NOT RAISED),STRAIGHT AND LEVEL,DRY,NO DEFECTS,NO INJURY / DRIVE AWAY,Y,$500 OR LESS,FAILING TO YIELD RIGHT-OF-WAY,2,NO INDICATION OF INJURY,0.0,0.0,0.0,0.0,0.0,4.0,13,5,2
07/13/2018 04:10:00 PM,STOP SIGN/FLASHER,CLEAR,DAYLIGHT,TURNING,NOT DIVIDED,STRAIGHT AND LEVEL,DRY,UNKNOWN,NO INJURY / DRIVE AWAY,Y,"OVER $1,500",FAILING TO YIELD RIGHT-OF-WAY,2,NO INDICATION OF INJURY,0.0,0.0,0.0,0.0,0.0,2.0,16,6,7
12/20/2021 11:40:00 AM,TRAFFIC SIGNAL,CLEAR,DAYLIGHT,ANGLE,FOUR WAY,STRAIGHT AND LEVEL,DRY,NO DEFECTS,NO INJURY / DRIVE AWAY,Y,"OVER $1,500",FAILING TO YIELD RIGHT-OF-WAY,2,NO INDICATION OF INJURY,0.0,0.0,0.0,0.0,0.0,4.0,11,2,12
06/21/2018 01:58:00 AM,TRAFFIC SIGNAL,RAIN,"DARKNESS, LIGHTED ROAD",PEDALCYCLIST,DIVIDED - W/MEDIAN (NOT RAISED),STRAIGHT AND LEVEL,WET,NO DEFECTS,INJURY AND / OR TOW DUE TO CRASH,Y,$500 OR LESS,FAILING TO YIELD RIGHT-OF-WAY,2,"REPORTED, NOT EVIDENT",1.0,0.0,0.0,0.0,1.0,1.0,1,5,6
09/17/2021 01:45:00 PM,TRAFFIC SIGNAL,CLEAR,DAYLIGHT,REAR END,DIVIDED - W/MEDIAN BARRIER,STRAIGHT AND LEVEL,DRY,NO DEFECTS,NO INJURY / DRIVE AWAY,Y,"OVER $1,500",UNABLE TO DETERMINE,2,NO INDICATION OF INJURY,0.0,0.0,0.0,0.0,0.0,2.0,13,6,9
02/14/2020 08:15:00 AM,STOP SIGN/FLASHER,CLEAR,DAYLIGHT,REAR END,ONE-WAY,STRAIGHT AND LEVEL,ICE,NO DEFECTS,NO INJURY / DRIVE AWAY,Y,"OVER $1,500",WEATHER,3,NO INDICATION OF INJURY,0.0,0.0,0.0,0.0,0.0,2.0,8,6,2
04/19/2023 05:51:00 PM,STOP SIGN/FLASHER,RAIN,DUSK,ANGLE,NOT DIVIDED,STRAIGHT AND LEVEL,WET,NO DEFECTS,INJURY AND / OR TOW DUE TO CRASH,Y,"OVER $1,500",FAILING TO YIELD RIGHT-OF-WAY,2,"REPORTED, NOT EVIDENT",1.0,0.0,0.0,0.0,1.0,3.0,17,4,4
10/03/2021 06:54:00 AM,TRAFFIC SIGNAL,CLOUDY/OVERCAST,DAWN,ANGLE,NOT DIVIDED,STRAIGHT AND LEVEL,WET,NO DEFECTS,INJURY AND / OR TOW DUE TO CRASH,Y,"OVER $1,500",DISREGARDING TRAFFIC SIGNALS,2,NO INDICATION OF INJURY,0.0,0.0,0.0,0.0,0.0,2.0,6,1,10
10/05/2023 08:24:00 AM,TRAFFIC SIGNAL,CLEAR,DAYLIGHT,ANGLE,FOUR WAY,STRAIGHT AND LEVEL,WET,UNKNOWN,INJURY AND / OR TOW DUE TO CRASH,Y,"OVER $1,500",DISREGARDING TRAFFIC SIGNALS,2,NONINCAPACITATING INJURY,2.0,0.0,0.0,2.0,0.0,1.0,8,5,10
02/22/2017 10:20:00 AM,NO CONTROLS,CLOUDY/OVERCAST,DAYLIGHT,TURNING,NOT DIVIDED,STRAIGHT AND LEVEL,DRY,NO DEFECTS,NO INJURY / DRIVE AWAY,Y,"$501 - $1,500",FAILING TO YIELD RIGHT-OF-WAY,2,NO INDICATION OF INJURY,0.0,0.0,0.0,0.0,0.0,2.0,10,4,2
03/17/2024 02:20:00 PM,NO CONTROLS,CLEAR,DAYLIGHT,TURNING,NOT DIVIDED,STRAIGHT AND LEVEL,DRY,NO DEFECTS,INJURY AND / OR TOW DUE TO CRASH,Y,"OVER $1,500","VISION OBSCURED (SIGNS, TREE LIMBS, BUILDINGS, ETC.)",2,NONINCAPACITATING INJURY,1.0,0.0,0.0,1.0,0.0,1.0,14,1,3
05/21/2018 03:30:00 PM,TRAFFIC SIGNAL,RAIN,DAYLIGHT,SIDESWIPE SAME DIRECTION,NOT DIVIDED,STRAIGHT AND LEVEL,WET,NO DEFECTS,NO INJURY / DRIVE AWAY,Y,"$501 - $1,500",WEATHER,2,NO INDICATION OF INJURY,0.0,0.0,0.0,0.0,0.0,2.0,15,2,5
09/22/2019 12:30:00 PM,TRAFFIC SIGNAL,CLEAR,DAYLIGHT,REAR END,NOT DIVIDED,STRAIGHT AND LEVEL,DRY,NO DEFECTS,NO INJURY / DRIVE AWAY,Y,"OVER $1,500",FOLLOWING TOO CLOSELY,2,NO INDICATION OF INJURY,0.0,0.0,0.0,0.0,0.0,2.0,12,1,9
05/01/2022 12:30:00 PM,STOP SIGN/FLASHER,UNKNOWN,DAYLIGHT,ANGLE,NOT DIVIDED,STRAIGHT AND LEVEL,UNKNOWN,UNKNOWN,NO INJURY / DRIVE AWAY,Y,"$501 - $1,500",UNABLE TO DETERMINE,2,NO INDICATION OF INJURY,0.0,0.0,0.0,0.0,0.0,2.0,12,1,5
09/11/2017 05:40:00 AM,TRAFFIC SIGNAL,CLEAR,DAWN,ANGLE,DIVIDED - W/MEDIAN (NOT RAISED),STRAIGHT AND LEVEL,DRY,NO DEFECTS,INJURY AND / OR TOW DUE TO CRASH,Y,"OVER $1,500",FOLLOWING TOO CLOSELY,3,NO INDICATION OF INJURY,0.0,0.0,0.0,0.0,0.0,3.0,5,2,9
12/09/2018 03:40:00 PM,TRAFFIC SIGNAL,CLEAR,DAYLIGHT,TURNING,NOT DIVIDED,STRAIGHT AND LEVEL,DRY,NO DEFECTS,INJURY AND / OR TOW DUE TO CRASH,Y,"OVER $1,500",UNABLE TO DETERMINE,2,NONINCAPACITATING INJURY,1.0,0.0,0.0,1.0,0.0,5.0,15,1,12
06/19/2018 03:23:00 PM,OTHER,CLEAR,DAYLIGHT,TURNING,CENTER TURN LANE,STRAIGHT AND LEVEL,DRY,NO DEFECTS,INJURY AND / OR TOW DUE TO CRASH,Y,$500 OR LESS,FOLLOWING TOO CLOSELY,2,NONINCAPACITATING INJURY,1.0,0.0,0.0,1.0,0.0,2.0,15,3,6
05/18/2024 11:10:00 PM,TRAFFIC SIGNAL,CLEAR,"DARKNESS, LIGHTED ROAD",ANGLE,FOUR WAY,STRAIGHT AND LEVEL,DRY,NO DEFECTS,INJURY AND / OR TOW DUE TO CRASH,Y,"OVER $1,500",DISREGARDING TRAFFIC SIGNALS,2,FATAL,4.0,1.0,0.0,3.0,0.0,1.0,23,7,5
02/15/2019 09:27:00 AM,NO CONTROLS,CLEAR,DAYLIGHT,PARKED MOTOR VEHICLE,NOT DIVIDED,STRAIGHT AND LEVEL,DRY,NO DEFECTS,NO INJURY / DRIVE AWAY,Y,$500 OR LESS,UNABLE TO DETERMINE,2,NO INDICATION OF INJURY,0.0,0.0,0.0,0.0,0.0,1.0,9,6,2
10/12/2022 03:00:00 PM,TRAFFIC SIGNAL,CLEAR,DAYLIGHT,TURNING,FOUR WAY,STRAIGHT AND LEVEL,WET,NO DEFECTS,NO INJURY / DRIVE AWAY,Y,"OVER $1,500",FAILING TO YIELD RIGHT-OF-WAY,2,NO INDICATION OF INJURY,0.0,0.0,0.0,0.0,0.0,2.0,15,4,10
09/05/2020 10:15:00 AM,TRAFFIC SIGNAL,CLEAR,DAYLIGHT,ANGLE,FOUR WAY,STRAIGHT AND LEVEL,DRY,NO DEFECTS,NO INJURY / DRIVE AWAY,Y,"$501 - $1,500",DISREGARDING TRAFFIC SIGNALS,2,NO INDICATION OF INJURY,0.0,0.0,0.0,0.0,0.0,2.0,10,7,9
03/07/2018 06:30:00 AM,TRAFFIC SIGNAL,CLEAR,DAYLIGHT,REAR END,DIVIDED - W/MEDIAN (NOT RAISED),STRAIGHT AND LEVEL,ICE,NO DEFECTS,INJURY AND / OR TOW DUE TO CRASH,Y,$500 OR LESS,FAILING TO REDUCE SPEED TO AVOID CRASH,2,INCAPACITATING INJURY,2.0,0.0,1.0,1.0,0.0,0.0,6,4,3
06/18/2022 02:00:00 PM,STOP SIGN/FLASHER,CLEAR,DAYLIGHT,PEDALCYCLIST,FOUR WAY,STRAIGHT AND LEVEL,DRY,NO DEFECTS,NO INJURY / DRIVE AWAY,Y,"$501 - $1,500",UNABLE TO DETERMINE,2,NO INDICATION OF INJURY,0.0,0.0,0.0,0.0,0.0,2.0,14,7,6
05/23/2021 01:40:00 PM,TRAFFIC SIGNAL,CLEAR,DAYLIGHT,SIDESWIPE SAME DIRECTION,NOT DIVIDED,STRAIGHT AND LEVEL,DRY,NO DEFECTS,NO INJURY / DRIVE AWAY,Y,"OVER $1,500",FAILING TO YIELD RIGHT-OF-WAY,2,NO INDICATION OF INJURY,0.0,0.0,0.0,0.0,0.0,3.0,13,1,5
12/06/2022 04:24:00 PM,TRAFFIC SIGNAL,CLEAR,DAYLIGHT,REAR END,T-INTERSECTION,STRAIGHT AND LEVEL,DRY,NO DEFECTS,NO INJURY / DRIVE AWAY,Y,$500 OR LESS,FAILING TO YIELD RIGHT-OF-WAY,2,NO INDICATION OF INJURY,0.0,0.0,0.0,0.0,0.0,2.0,16,3,12
12/15/2015 08:15:00 AM,NO CONTROLS,CLEAR,DAYLIGHT,ANGLE,PARKING LOT,STRAIGHT AND LEVEL,DRY,NO DEFECTS,INJURY AND / OR TOW DUE TO CRASH,Y,"OVER $1,500",EXCEEDING SAFE SPEED FOR CONDITIONS,2,NO INDICATION OF INJURY,0.0,0.0,0.0,0.0,0.0,2.0,8,3,12
06/27/2022 08:01:00 AM,TRAFFIC SIGNAL,CLEAR,DAYLIGHT,TURNING,CENTER TURN LANE,STRAIGHT AND LEVEL,DRY,NO DEFECTS,INJURY AND / OR TOW DUE TO CRASH,Y,"$501 - $1,500",FAILING TO YIELD RIGHT-OF-WAY,2,"REPORTED, NOT EVIDENT",1.0,0.0,0.0,0.0,1.0,1.0,8,2,6
09/23/2021 02:45:00 PM,STOP SIGN/FLASHER,CLEAR,DAYLIGHT,REAR END,NOT DIVIDED,STRAIGHT AND LEVEL,DRY,NO DEFECTS,NO INJURY / DRIVE AWAY,Y,"$501 - $1,500",FOLLOWING TOO CLOSELY,2,NO INDICATION OF INJURY,0.0,0.0,0.0,0.0,0.0,2.0,14,5,9
05/30/2019 07:00:00 AM,TRAFFIC SIGNAL,CLOUDY/OVERCAST,DAYLIGHT,TURNING,NOT DIVIDED,STRAIGHT ON GRADE,WET,NO DEFECTS,NO INJURY / DRIVE AWAY,Y,"$501 - $1,500",FAILING TO YIELD RIGHT-OF-WAY,2,NO INDICATION OF INJURY,0.0,0.0,0.0,0.0,0.0,2.0,7,5,5
03/28/2021 09:42:00 PM,OTHER,CLEAR,DUSK,OTHER OBJECT,DIVIDED - W/MEDIAN BARRIER,STRAIGHT AND LEVEL,DRY,WORN SURFACE,INJURY AND / OR TOW DUE TO CRASH,N,"OVER $1,500",DRIVING SKILLS/KNOWLEDGE/EXPERIENCE,1,NO INDICATION OF INJURY,0.0,0.0,0.0,0.0,0.0,2.0,21,1,3
10/15/2023 11:06:00 AM,TRAFFIC SIGNAL,CLEAR,DAYLIGHT,ANGLE,NOT REPORTED,STRAIGHT AND LEVEL,DRY,NO DEFECTS,INJURY AND / OR TOW DUE TO CRASH,Y,"OVER $1,500",FAILING TO YIELD RIGHT-OF-WAY,2,NONINCAPACITATING INJURY,3.0,0.0,0.0,3.0,0.0,0.0,11,1,10